Record Length,2500,Points,-4.40000044E-3,159.99999642E-3,
Sample Interval,3.99999999E-6,s,-4.39600041E-3,79.999998212E-3,
Trigger Point,1.1000002E3,Samples,-4.39200038E-3,159.99999642E-3,
,,,-4.38800035E-3,79.999998212E-3,
,,,-4.38400032E-3,159.99999642E-3,
,,,-4.38000029E-3,79.999998212E-3,
Source,CH1,,-4.37600026E-3,159.99999642E-3,
Vertical Units,Volts,,-4.37200023E-3,159.99999642E-3,
Vertical Scale,2.0000000,,-4.36800066E-3,159.99999642E-3,
Vertical Offset,0,,-4.36400063E-3,159.99999642E-3,
Horizontal Units,s,,-4.36000060E-3,159.99999642E-3,
Horizontal Scale,1.000000E-3,,-4.35600057E-3,79.999998212E-3,
Pt Fmt,Y,,-4.35200054E-3,159.99999642E-3,
Yzero,280.00000000E-3,,-4.34800051E-3,79.999998212E-3,
Probe Atten,10.0000000,,-4.34400048E-3,79.999998212E-3,
,,,-4.34000045E-3,79.999998212E-3,
Note,TBS 1052B-EDU - 16:21:43   2025-11-20,,-4.33600042E-3,159.99999642E-3,
,,,-4.33200039E-3,79.999998212E-3,
,,,-4.32800036E-3,159.99999642E-3,
,,,-4.32400033E-3,79.999998212E-3,
,,,-4.32000030E-3,79.999998212E-3,
,,,-4.31600027E-3,159.99999642E-3,
,,,-4.31200024E-3,159.99999642E-3,
,,,-4.30800067E-3,79.999998212E-3,
,,,-4.30400064E-3,79.999998212E-3,
,,,-4.30000061E-3,79.999998212E-3,
,,,-4.29600058E-3,79.999998212E-3,
,,,-4.29200055E-3,159.99999642E-3,
,,,-4.28800052E-3,159.99999642E-3,
,,,-4.28400049E-3,79.999998212E-3,
,,,-4.28000046E-3,159.99999642E-3,
,,,-4.27600043E-3,79.999998212E-3,
,,,-4.27200040E-3,159.99999642E-3,
,,,-4.26800037E-3,79.999998212E-3,
,,,-4.26400034E-3,159.99999642E-3,
,,,-4.26000031E-3,79.999998212E-3,
,,,-4.25600028E-3,79.999998212E-3,
,,,-4.25200025E-3,159.99999642E-3,
,,,-4.24800022E-3,159.99999642E-3,
,,,-4.24400065E-3,79.999998212E-3,
,,,-4.24000062E-3,79.999998212E-3,
,,,-4.23600059E-3,159.99999642E-3,
,,,-4.23200056E-3,159.99999642E-3,
,,,-4.22800053E-3,159.99999642E-3,
,,,-4.22400050E-3,79.999998212E-3,
,,,-4.22000047E-3,159.99999642E-3,
,,,-4.21600044E-3,79.999998212E-3,
,,,-4.21200041E-3,79.999998212E-3,
,,,-4.20800038E-3,159.99999642E-3,
,,,-4.20400035E-3,159.99999642E-3,
,,,-4.20000032E-3,159.99999642E-3,
,,,-4.19600029E-3,79.999998212E-3,
,,,-4.19200025E-3,159.99999642E-3,
,,,-4.18800022E-3,79.999998212E-3,
,,,-4.18400066E-3,159.99999642E-3,
,,,-4.18000063E-3,79.999998212E-3,
,,,-4.17600060E-3,159.99999642E-3,
,,,-4.17200057E-3,79.999998212E-3,
,,,-4.16800054E-3,159.99999642E-3,
,,,-4.16400051E-3,79.999998212E-3,
,,,-4.16000048E-3,159.99999642E-3,
,,,-4.15600045E-3,79.999998212E-3,
,,,-4.15200042E-3,159.99999642E-3,
,,,-4.14800039E-3,79.999998212E-3,
,,,-4.14400036E-3,159.99999642E-3,
,,,-4.14000032E-3,79.999998212E-3,
,,,-4.13600029E-3,79.999998212E-3,
,,,-4.13200026E-3,159.99999642E-3,
,,,-4.12800023E-3,159.99999642E-3,
,,,-4.12400067E-3,79.999998212E-3,
,,,-4.12000064E-3,79.999998212E-3,
,,,-4.11600061E-3,79.999998212E-3,
,,,-4.11200058E-3,159.99999642E-3,
,,,-4.10800055E-3,79.999998212E-3,
,,,-4.10400052E-3,79.999998212E-3,
,,,-4.10000049E-3,159.99999642E-3,
,,,-4.09600046E-3,159.99999642E-3,
,,,-4.09200042E-3,79.999998212E-3,
,,,-4.08800039E-3,79.999998212E-3,
,,,-4.08400036E-3,79.999998212E-3,
,,,-4.08000033E-3,79.999998212E-3,
,,,-4.07600030E-3,79.999998212E-3,
,,,-4.07200027E-3,79.999998212E-3,
,,,-4.06800024E-3,79.999998212E-3,
,,,-4.06400021E-3,159.99999642E-3,
,,,-4.06000065E-3,79.999998212E-3,
,,,-4.05600062E-3,79.999998212E-3,
,,,-4.05200059E-3,159.99999642E-3,
,,,-4.04800056E-3,79.999998212E-3,
,,,-4.04400053E-3,79.999998212E-3,
,,,-4.04000049E-3,159.99999642E-3,
,,,-4.03600046E-3,79.999998212E-3,
,,,-4.03200043E-3,79.999998212E-3,
,,,-4.02800040E-3,159.99999642E-3,
,,,-4.02400037E-3,79.999998212E-3,
,,,-4.02000034E-3,79.999998212E-3,
,,,-4.01600031E-3,79.999998212E-3,
,,,-4.01200028E-3,79.999998212E-3,
,,,-4.00800025E-3,159.99999642E-3,
,,,-4.00400022E-3,79.999998212E-3,
,,,-4.00000066E-3,159.99999642E-3,
,,,-3.99600063E-3,79.999998212E-3,
,,,-3.99200059E-3,159.99999642E-3,
,,,-3.98800056E-3,159.99999642E-3,
,,,-3.98400053E-3,159.99999642E-3,
,,,-3.98000050E-3,79.999998212E-3,
,,,-3.97600047E-3,79.999998212E-3,
,,,-3.97200044E-3,79.999998212E-3,
,,,-3.96800041E-3,79.999998212E-3,
,,,-3.96400038E-3,159.99999642E-3,
,,,-3.96000035E-3,159.99999642E-3,
,,,-3.95600032E-3,79.999998212E-3,
,,,-3.95200029E-3,159.99999642E-3,
,,,-3.94800026E-3,79.999998212E-3,
,,,-3.94400023E-3,79.999998212E-3,
,,,-3.94000066E-3,79.999998212E-3,
,,,-3.93600063E-3,159.99999642E-3,
,,,-3.93200060E-3,79.999998212E-3,
,,,-3.92800057E-3,159.99999642E-3,
,,,-3.92400054E-3,79.999998212E-3,
,,,-3.92000051E-3,79.999998212E-3,
,,,-3.91600048E-3,79.999998212E-3,
,,,-3.91200045E-3,159.99999642E-3,
,,,-3.90800042E-3,159.99999642E-3,
,,,-3.90400039E-3,159.99999642E-3,
,,,-3.90000036E-3,79.999998212E-3,
,,,-3.89600033E-3,79.999998212E-3,
,,,-3.89200053E-3,79.999998212E-3,
,,,-3.88800050E-3,79.999998212E-3,
,,,-3.88400047E-3,79.999998212E-3,
,,,-3.88000044E-3,79.999998212E-3,
,,,-3.87600041E-3,79.999998212E-3,
,,,-3.87200038E-3,79.999998212E-3,
,,,-3.86800035E-3,79.999998212E-3,
,,,-3.86400055E-3,79.999998212E-3,
,,,-3.86000052E-3,79.999998212E-3,
,,,-3.85600049E-3,159.99999642E-3,
,,,-3.85200046E-3,159.99999642E-3,
,,,-3.84800043E-3,159.99999642E-3,
,,,-3.84400040E-3,79.999998212E-3,
,,,-3.84000037E-3,79.999998212E-3,
,,,-3.83600034E-3,79.999998212E-3,
,,,-3.83200054E-3,159.99999642E-3,
,,,-3.82800051E-3,79.999998212E-3,
,,,-3.82400048E-3,79.999998212E-3,
,,,-3.82000045E-3,79.999998212E-3,
,,,-3.81600042E-3,79.999998212E-3,
,,,-3.81200039E-3,79.999998212E-3,
,,,-3.80800036E-3,79.999998212E-3,
,,,-3.80400033E-3,79.999998212E-3,
,,,-3.80000053E-3,79.999998212E-3,
,,,-3.79600050E-3,79.999998212E-3,
,,,-3.79200047E-3,159.99999642E-3,
,,,-3.78800044E-3,79.999998212E-3,
,,,-3.78400041E-3,79.999998212E-3,
,,,-3.78000038E-3,79.999998212E-3,
,,,-3.77600035E-3,159.99999642E-3,
,,,-3.77200055E-3,79.999998212E-3,
,,,-3.76800052E-3,79.999998212E-3,
,,,-3.76400049E-3,79.999998212E-3,
,,,-3.76000046E-3,79.999998212E-3,
,,,-3.75600043E-3,79.999998212E-3,
,,,-3.75200040E-3,79.999998212E-3,
,,,-3.74800037E-3,159.99999642E-3,
,,,-3.74400034E-3,159.99999642E-3,
,,,-3.74000054E-3,79.999998212E-3,
,,,-3.73600051E-3,79.999998212E-3,
,,,-3.73200048E-3,79.999998212E-3,
,,,-3.72800045E-3,159.99999642E-3,
,,,-3.72400042E-3,79.999998212E-3,
,,,-3.72000039E-3,79.999998212E-3,
,,,-3.71600036E-3,79.999998212E-3,
,,,-3.71200056E-3,79.999998212E-3,
,,,-3.70800053E-3,79.999998212E-3,
,,,-3.70400050E-3,159.99999642E-3,
,,,-3.70000047E-3,79.999998212E-3,
,,,-3.69600044E-3,79.999998212E-3,
,,,-3.69200041E-3,79.999998212E-3,
,,,-3.68800038E-3,159.99999642E-3,
,,,-3.68400034E-3,79.999998212E-3,
,,,-3.68000055E-3,79.999998212E-3,
,,,-3.67600052E-3,79.999998212E-3,
,,,-3.67200049E-3,79.999998212E-3,
,,,-3.66800046E-3,79.999998212E-3,
,,,-3.66400043E-3,79.999998212E-3,
,,,-3.66000040E-3,79.999998212E-3,
,,,-3.65600036E-3,79.999998212E-3,
,,,-3.65200033E-3,79.999998212E-3,
,,,-3.64800054E-3,79.999998212E-3,
,,,-3.64400051E-3,79.999998212E-3,
,,,-3.64000048E-3,159.99999642E-3,
,,,-3.63600045E-3,79.999998212E-3,
,,,-3.63200041E-3,79.999998212E-3,
,,,-3.62800038E-3,79.999998212E-3,
,,,-3.62400035E-3,79.999998212E-3,
,,,-3.62000056E-3,79.999998212E-3,
,,,-3.61600053E-3,159.99999642E-3,
,,,-3.61200050E-3,0.0,
,,,-3.60800046E-3,79.999998212E-3,
,,,-3.60400043E-3,79.999998212E-3,
,,,-3.60000040E-3,79.999998212E-3,
,,,-3.59600037E-3,79.999998212E-3,
,,,-3.59200034E-3,159.99999642E-3,
,,,-3.58800055E-3,79.999998212E-3,
,,,-3.58400051E-3,159.99999642E-3,
,,,-3.58000048E-3,79.999998212E-3,
,,,-3.57600045E-3,159.99999642E-3,
,,,-3.57200042E-3,159.99999642E-3,
,,,-3.56800039E-3,159.99999642E-3,
,,,-3.56400036E-3,79.999998212E-3,
,,,-3.56000033E-3,159.99999642E-3,
,,,-3.55600053E-3,79.999998212E-3,
,,,-3.55200050E-3,79.999998212E-3,
,,,-3.54800047E-3,79.999998212E-3,
,,,-3.54400044E-3,79.999998212E-3,
,,,-3.54000041E-3,0.0,
,,,-3.53600038E-3,79.999998212E-3,
,,,-3.53200035E-3,79.999998212E-3,
,,,-3.52800055E-3,159.99999642E-3,
,,,-3.52400052E-3,79.999998212E-3,
,,,-3.52000049E-3,79.999998212E-3,
,,,-3.51600046E-3,79.999998212E-3,
,,,-3.51200043E-3,79.999998212E-3,
,,,-3.50800040E-3,79.999998212E-3,
,,,-3.50400037E-3,159.99999642E-3,
,,,-3.50000034E-3,79.999998212E-3,
,,,-3.49600054E-3,159.99999642E-3,
,,,-3.49200051E-3,79.999998212E-3,
,,,-3.48800048E-3,159.99999642E-3,
,,,-3.48400045E-3,79.999998212E-3,
,,,-3.48000042E-3,79.999998212E-3,
,,,-3.47600039E-3,79.999998212E-3,
,,,-3.47200036E-3,159.99999642E-3,
,,,-3.46800033E-3,79.999998212E-3,
,,,-3.46400053E-3,79.999998212E-3,
,,,-3.46000050E-3,79.999998212E-3,
,,,-3.45600047E-3,79.999998212E-3,
,,,-3.45200044E-3,159.99999642E-3,
,,,-3.44800041E-3,79.999998212E-3,
,,,-3.44400038E-3,79.999998212E-3,
,,,-3.44000035E-3,79.999998212E-3,
,,,-3.43600055E-3,79.999998212E-3,
,,,-3.43200052E-3,79.999998212E-3,
,,,-3.42800049E-3,79.999998212E-3,
,,,-3.42400046E-3,79.999998212E-3,
,,,-3.42000043E-3,79.999998212E-3,
,,,-3.41600040E-3,79.999998212E-3,
,,,-3.41200037E-3,79.999998212E-3,
,,,-3.40800034E-3,79.999998212E-3,
,,,-3.40400054E-3,79.999998212E-3,
,,,-3.40000051E-3,79.999998212E-3,
,,,-3.39600048E-3,79.999998212E-3,
,,,-3.39200045E-3,79.999998212E-3,
,,,-3.38800042E-3,79.999998212E-3,
,,,-3.38400039E-3,79.999998212E-3,
,,,-3.38000036E-3,79.999998212E-3,
,,,-3.37600056E-3,79.999998212E-3,
,,,-3.37200053E-3,79.999998212E-3,
,,,-3.36800050E-3,79.999998212E-3,
,,,-3.36400047E-3,79.999998212E-3,
,,,-3.36000044E-3,79.999998212E-3,
,,,-3.35600041E-3,79.999998212E-3,
,,,-3.35200038E-3,79.999998212E-3,
,,,-3.34800035E-3,79.999998212E-3,
,,,-3.34400055E-3,79.999998212E-3,
,,,-3.34000052E-3,79.999998212E-3,
,,,-3.33600049E-3,159.99999642E-3,
,,,-3.33200046E-3,79.999998212E-3,
,,,-3.32800043E-3,79.999998212E-3,
,,,-3.32400040E-3,79.999998212E-3,
,,,-3.32000037E-3,79.999998212E-3,
,,,-3.31600034E-3,79.999998212E-3,
,,,-3.31200054E-3,79.999998212E-3,
,,,-3.30800051E-3,79.999998212E-3,
,,,-3.30400048E-3,79.999998212E-3,
,,,-3.30000045E-3,79.999998212E-3,
,,,-3.29600042E-3,159.99999642E-3,
,,,-3.29200039E-3,159.99999642E-3,
,,,-3.28800036E-3,79.999998212E-3,
,,,-3.28400056E-3,79.999998212E-3,
,,,-3.28000053E-3,79.999998212E-3,
,,,-3.27600050E-3,79.999998212E-3,
,,,-3.27200047E-3,159.99999642E-3,
,,,-3.26800044E-3,79.999998212E-3,
,,,-3.26400041E-3,79.999998212E-3,
,,,-3.26000038E-3,79.999998212E-3,
,,,-3.25600035E-3,159.99999642E-3,
,,,-3.25200055E-3,79.999998212E-3,
,,,-3.24800052E-3,79.999998212E-3,
,,,-3.24400049E-3,79.999998212E-3,
,,,-3.24000046E-3,159.99999642E-3,
,,,-3.23600043E-3,79.999998212E-3,
,,,-3.23200040E-3,79.999998212E-3,
,,,-3.22800037E-3,79.999998212E-3,
,,,-3.22400033E-3,79.999998212E-3,
,,,-3.22000054E-3,79.999998212E-3,
,,,-3.21600051E-3,159.99999642E-3,
,,,-3.21200048E-3,79.999998212E-3,
,,,-3.20800045E-3,79.999998212E-3,
,,,-3.20400042E-3,79.999998212E-3,
,,,-3.20000038E-3,159.99999642E-3,
,,,-3.19600035E-3,79.999998212E-3,
,,,-3.19200056E-3,79.999998212E-3,
,,,-3.18800053E-3,79.999998212E-3,
,,,-3.18400050E-3,159.99999642E-3,
,,,-3.18000047E-3,79.999998212E-3,
,,,-3.17600043E-3,79.999998212E-3,
,,,-3.17200040E-3,79.999998212E-3,
,,,-3.16800037E-3,79.999998212E-3,
,,,-3.16400034E-3,79.999998212E-3,
,,,-3.16000055E-3,79.999998212E-3,
,,,-3.15600052E-3,79.999998212E-3,
,,,-3.15200048E-3,79.999998212E-3,
,,,-3.14800045E-3,79.999998212E-3,
,,,-3.14400042E-3,159.99999642E-3,
,,,-3.14000039E-3,79.999998212E-3,
,,,-3.13600036E-3,79.999998212E-3,
,,,-3.13200033E-3,79.999998212E-3,
,,,-3.12800054E-3,79.999998212E-3,
,,,-3.12400050E-3,79.999998212E-3,
,,,-3.12000047E-3,79.999998212E-3,
,,,-3.11600044E-3,79.999998212E-3,
,,,-3.11200041E-3,79.999998212E-3,
,,,-3.10800038E-3,79.999998212E-3,
,,,-3.10400035E-3,79.999998212E-3,
,,,-3.10000055E-3,79.999998212E-3,
,,,-3.09600052E-3,79.999998212E-3,
,,,-3.09200049E-3,79.999998212E-3,
,,,-3.08800046E-3,79.999998212E-3,
,,,-3.08400043E-3,0.0,
,,,-3.08000040E-3,79.999998212E-3,
,,,-3.07600037E-3,79.999998212E-3,
,,,-3.07200034E-3,79.999998212E-3,
,,,-3.06800054E-3,79.999998212E-3,
,,,-3.06400051E-3,79.999998212E-3,
,,,-3.06000048E-3,79.999998212E-3,
,,,-3.05600045E-3,79.999998212E-3,
,,,-3.05200042E-3,79.999998212E-3,
,,,-3.04800039E-3,79.999998212E-3,
,,,-3.04400036E-3,79.999998212E-3,
,,,-3.04000033E-3,79.999998212E-3,
,,,-3.03600053E-3,79.999998212E-3,
,,,-3.03200050E-3,79.999998212E-3,
,,,-3.02800047E-3,79.999998212E-3,
,,,-3.02400044E-3,79.999998212E-3,
,,,-3.02000041E-3,79.999998212E-3,
,,,-3.01600038E-3,79.999998212E-3,
,,,-3.01200035E-3,79.999998212E-3,
,,,-3.00800055E-3,79.999998212E-3,
,,,-3.00400052E-3,79.999998212E-3,
,,,-3.00000049E-3,79.999998212E-3,
,,,-2.99600046E-3,79.999998212E-3,
,,,-2.99200043E-3,159.99999642E-3,
,,,-2.98800040E-3,79.999998212E-3,
,,,-2.98400037E-3,79.999998212E-3,
,,,-2.98000034E-3,79.999998212E-3,
,,,-2.97600054E-3,79.999998212E-3,
,,,-2.97200051E-3,79.999998212E-3,
,,,-2.96800048E-3,79.999998212E-3,
,,,-2.96400045E-3,79.999998212E-3,
,,,-2.96000042E-3,79.999998212E-3,
,,,-2.95600039E-3,79.999998212E-3,
,,,-2.95200036E-3,79.999998212E-3,
,,,-2.94800056E-3,79.999998212E-3,
,,,-2.94400053E-3,79.999998212E-3,
,,,-2.94000050E-3,79.999998212E-3,
,,,-2.93600047E-3,79.999998212E-3,
,,,-2.93200044E-3,79.999998212E-3,
,,,-2.92800041E-3,79.999998212E-3,
,,,-2.92400038E-3,79.999998212E-3,
,,,-2.92000035E-3,159.99999642E-3,
,,,-2.91600055E-3,79.999998212E-3,
,,,-2.91200052E-3,79.999998212E-3,
,,,-2.90800049E-3,79.999998212E-3,
,,,-2.90400046E-3,79.999998212E-3,
,,,-2.90000043E-3,79.999998212E-3,
,,,-2.89600040E-3,79.999998212E-3,
,,,-2.89200037E-3,79.999998212E-3,
,,,-2.88800034E-3,79.999998212E-3,
,,,-2.88400054E-3,79.999998212E-3,
,,,-2.88000051E-3,79.999998212E-3,
,,,-2.87600048E-3,79.999998212E-3,
,,,-2.87200045E-3,79.999998212E-3,
,,,-2.86800042E-3,79.999998212E-3,
,,,-2.86400039E-3,159.99999642E-3,
,,,-2.86000036E-3,79.999998212E-3,
,,,-2.85600056E-3,79.999998212E-3,
,,,-2.85200053E-3,79.999998212E-3,
,,,-2.84800050E-3,79.999998212E-3,
,,,-2.84400047E-3,79.999998212E-3,
,,,-2.84000044E-3,79.999998212E-3,
,,,-2.83600041E-3,79.999998212E-3,
,,,-2.83200038E-3,79.999998212E-3,
,,,-2.82800035E-3,79.999998212E-3,
,,,-2.82400055E-3,79.999998212E-3,
,,,-2.82000052E-3,79.999998212E-3,
,,,-2.81600049E-3,79.999998212E-3,
,,,-2.81200046E-3,79.999998212E-3,
,,,-2.80800043E-3,79.999998212E-3,
,,,-2.80400040E-3,79.999998212E-3,
,,,-2.80000037E-3,79.999998212E-3,
,,,-2.79600034E-3,79.999998212E-3,
,,,-2.79200054E-3,79.999998212E-3,
,,,-2.78800051E-3,79.999998212E-3,
,,,-2.78400048E-3,79.999998212E-3,
,,,-2.78000045E-3,79.999998212E-3,
,,,-2.77600042E-3,79.999998212E-3,
,,,-2.77200039E-3,79.999998212E-3,
,,,-2.76800035E-3,79.999998212E-3,
,,,-2.76400056E-3,79.999998212E-3,
,,,-2.76000053E-3,79.999998212E-3,
,,,-2.75600050E-3,79.999998212E-3,
,,,-2.75200047E-3,79.999998212E-3,
,,,-2.74800044E-3,79.999998212E-3,
,,,-2.74400041E-3,79.999998212E-3,
,,,-2.74000037E-3,79.999998212E-3,
,,,-2.73600034E-3,79.999998212E-3,
,,,-2.73200055E-3,79.999998212E-3,
,,,-2.72800052E-3,79.999998212E-3,
,,,-2.72400049E-3,79.999998212E-3,
,,,-2.72000046E-3,79.999998212E-3,
,,,-2.7160004E-3,79.999998212E-3,
,,,-2.7120004E-3,79.999998212E-3,
,,,-2.7080004E-3,79.999998212E-3,
,,,-2.7040003E-3,79.999998212E-3,
,,,-2.7000005E-3,79.999998212E-3,
,,,-2.6960005E-3,79.999998212E-3,
,,,-2.6920005E-3,79.999998212E-3,
,,,-2.6880004E-3,79.999998212E-3,
,,,-2.6840004E-3,79.999998212E-3,
,,,-2.6800004E-3,79.999998212E-3,
,,,-2.6760004E-3,79.999998212E-3,
,,,-2.6720006E-3,79.999998212E-3,
,,,-2.6680005E-3,159.99999642E-3,
,,,-2.6640005E-3,79.999998212E-3,
,,,-2.6600005E-3,79.999998212E-3,
,,,-2.6560004E-3,79.999998212E-3,
,,,-2.6520004E-3,79.999998212E-3,
,,,-2.6480004E-3,79.999998212E-3,
,,,-2.6440003E-3,79.999998212E-3,
,,,-2.6400005E-3,79.999998212E-3,
,,,-2.6360005E-3,79.999998212E-3,
,,,-2.6320005E-3,79.999998212E-3,
,,,-2.6280005E-3,79.999998212E-3,
,,,-2.6240004E-3,79.999998212E-3,
,,,-2.6200004E-3,79.999998212E-3,
,,,-2.6160004E-3,79.999998212E-3,
,,,-2.6120003E-3,79.999998212E-3,
,,,-2.6080005E-3,79.999998212E-3,
,,,-2.6040005E-3,79.999998212E-3,
,,,-2.6000005E-3,79.999998212E-3,
,,,-2.5960004E-3,79.999998212E-3,
,,,-2.5920004E-3,79.999998212E-3,
,,,-2.5880004E-3,79.999998212E-3,
,,,-2.5840004E-3,79.999998212E-3,
,,,-2.5800006E-3,0.0,
,,,-2.5760005E-3,79.999998212E-3,
,,,-2.5720005E-3,79.999998212E-3,
,,,-2.5680005E-3,79.999998212E-3,
,,,-2.5640004E-3,79.999998212E-3,
,,,-2.5600004E-3,79.999998212E-3,
,,,-2.5560004E-3,79.999998212E-3,
,,,-2.5520003E-3,79.999998212E-3,
,,,-2.5480005E-3,79.999998212E-3,
,,,-2.5440005E-3,79.999998212E-3,
,,,-2.5400005E-3,79.999998212E-3,
,,,-2.5360005E-3,79.999998212E-3,
,,,-2.5320004E-3,79.999998212E-3,
,,,-2.5280004E-3,79.999998212E-3,
,,,-2.5240004E-3,79.999998212E-3,
,,,-2.5200006E-3,79.999998212E-3,
,,,-2.5160005E-3,79.999998212E-3,
,,,-2.5120005E-3,79.999998212E-3,
,,,-2.5080005E-3,79.999998212E-3,
,,,-2.5040004E-3,79.999998212E-3,
,,,-2.5000004E-3,79.999998212E-3,
,,,-2.4960004E-3,79.999998212E-3,
,,,-2.4920003E-3,79.999998212E-3,
,,,-2.4880006E-3,79.999998212E-3,
,,,-2.4840005E-3,79.999998212E-3,
,,,-2.4800005E-3,79.999998212E-3,
,,,-2.4760005E-3,79.999998212E-3,
,,,-2.4720004E-3,79.999998212E-3,
,,,-2.4680004E-3,79.999998212E-3,
,,,-2.4640004E-3,79.999998212E-3,
,,,-2.4600003E-3,79.999998212E-3,
,,,-2.4560005E-3,79.999998212E-3,
,,,-2.4520005E-3,79.999998212E-3,
,,,-2.4480005E-3,79.999998212E-3,
,,,-2.4440004E-3,79.999998212E-3,
,,,-2.4400004E-3,79.999998212E-3,
,,,-2.4360004E-3,79.999998212E-3,
,,,-2.4320004E-3,79.999998212E-3,
,,,-2.4280006E-3,79.999998212E-3,
,,,-2.4240005E-3,79.999998212E-3,
,,,-2.4200005E-3,0.0,
,,,-2.4160005E-3,79.999998212E-3,
,,,-2.4120004E-3,79.999998212E-3,
,,,-2.4080004E-3,79.999998212E-3,
,,,-2.4040004E-3,79.999998212E-3,
,,,-2.4000003E-3,79.999998212E-3,
,,,-2.3960005E-3,79.999998212E-3,
,,,-2.3920005E-3,79.999998212E-3,
,,,-2.3880005E-3,79.999998212E-3,
,,,-2.3840005E-3,79.999998212E-3,
,,,-2.3800004E-3,79.999998212E-3,
,,,-2.3760004E-3,79.999998212E-3,
,,,-2.3720004E-3,79.999998212E-3,
,,,-2.3680003E-3,79.999998212E-3,
,,,-2.3640005E-3,79.999998212E-3,
,,,-2.3600005E-3,79.999998212E-3,
,,,-2.3560005E-3,79.999998212E-3,
,,,-2.3520004E-3,79.999998212E-3,
,,,-2.3480004E-3,79.999998212E-3,
,,,-2.3440004E-3,79.999998212E-3,
,,,-2.3400004E-3,79.999998212E-3,
,,,-2.3360006E-3,79.999998212E-3,
,,,-2.3320005E-3,79.999998212E-3,
,,,-2.3280005E-3,79.999998212E-3,
,,,-2.3240005E-3,79.999998212E-3,
,,,-2.3200004E-3,79.999998212E-3,
,,,-2.3160004E-3,79.999998212E-3,
,,,-2.3120004E-3,79.999998212E-3,
,,,-2.3080003E-3,79.999998212E-3,
,,,-2.3040005E-3,79.999998212E-3,
,,,-2.3000005E-3,79.999998212E-3,
,,,-2.2960005E-3,79.999998212E-3,
,,,-2.2920005E-3,0.0,
,,,-2.2880004E-3,79.999998212E-3,
,,,-2.2840004E-3,79.999998212E-3,
,,,-2.2800004E-3,79.999998212E-3,
,,,-2.2760003E-3,79.999998212E-3,
,,,-2.2720005E-3,79.999998212E-3,
,,,-2.2680005E-3,0.0,
,,,-2.2640005E-3,79.999998212E-3,
,,,-2.2600004E-3,79.999998212E-3,
,,,-2.2560004E-3,79.999998212E-3,
,,,-2.2520004E-3,79.999998212E-3,
,,,-2.2480004E-3,79.999998212E-3,
,,,-2.2440006E-3,0.0,
,,,-2.2400005E-3,79.999998212E-3,
,,,-2.2360005E-3,0.0,
,,,-2.2320005E-3,79.999998212E-3,
,,,-2.2280004E-3,79.999998212E-3,
,,,-2.2240004E-3,79.999998212E-3,
,,,-2.2200004E-3,79.999998212E-3,
,,,-2.2160003E-3,79.999998212E-3,
,,,-2.2120005E-3,79.999998212E-3,
,,,-2.2080005E-3,79.999998212E-3,
,,,-2.2040005E-3,79.999998212E-3,
,,,-2.2000005E-3,79.999998212E-3,
,,,-2.1960004E-3,79.999998212E-3,
,,,-2.1920004E-3,79.999998212E-3,
,,,-2.1880004E-3,79.999998212E-3,
,,,-2.1840003E-3,79.999998212E-3,
,,,-2.1800005E-3,79.999998212E-3,
,,,-2.1760005E-3,79.999998212E-3,
,,,-2.1720005E-3,0.0,
,,,-2.1680004E-3,79.999998212E-3,
,,,-2.1640004E-3,79.999998212E-3,
,,,-2.1600004E-3,79.999998212E-3,
,,,-2.1560004E-3,79.999998212E-3,
,,,-2.1520006E-3,79.999998212E-3,
,,,-2.1480005E-3,79.999998212E-3,
,,,-2.1440005E-3,79.999998212E-3,
,,,-2.1400005E-3,79.999998212E-3,
,,,-2.1360004E-3,79.999998212E-3,
,,,-2.1320004E-3,79.999998212E-3,
,,,-2.1280004E-3,79.999998212E-3,
,,,-2.1240003E-3,79.999998212E-3,
,,,-2.1200005E-3,79.999998212E-3,
,,,-2.1160005E-3,79.999998212E-3,
,,,-2.1120005E-3,79.999998212E-3,
,,,-2.1080005E-3,79.999998212E-3,
,,,-2.1040004E-3,79.999998212E-3,
,,,-2.1000004E-3,79.999998212E-3,
,,,-2.0960004E-3,79.999998212E-3,
,,,-2.0920006E-3,79.999998212E-3,
,,,-2.0880005E-3,79.999998212E-3,
,,,-2.0840005E-3,79.999998212E-3,
,,,-2.0800005E-3,79.999998212E-3,
,,,-2.0760004E-3,0.0,
,,,-2.0720004E-3,79.999998212E-3,
,,,-2.0680004E-3,0.0,
,,,-2.0640003E-3,79.999998212E-3,
,,,-2.0600006E-3,79.999998212E-3,
,,,-2.0560005E-3,79.999998212E-3,
,,,-2.0520005E-3,0.0,
,,,-2.0480005E-3,79.999998212E-3,
,,,-2.0440004E-3,79.999998212E-3,
,,,-2.0400004E-3,79.999998212E-3,
,,,-2.0360004E-3,79.999998212E-3,
,,,-2.0320003E-3,79.999998212E-3,
,,,-2.0280005E-3,79.999998212E-3,
,,,-2.0240005E-3,79.999998212E-3,
,,,-2.0200005E-3,0.0,
,,,-2.0160004E-3,79.999998212E-3,
,,,-2.0120004E-3,0.0,
,,,-2.0080004E-3,79.999998212E-3,
,,,-2.0040004E-3,0.0,
,,,-2.0000006E-3,79.999998212E-3,
,,,-1.9960005E-3,79.999998212E-3,
,,,-1.9920005E-3,79.999998212E-3,
,,,-1.9880005E-3,79.999998212E-3,
,,,-1.9840004E-3,79.999998212E-3,
,,,-1.9800004E-3,0.0,
,,,-1.9760004E-3,79.999998212E-3,
,,,-1.9720003E-3,0.0,
,,,-1.9680005E-3,79.999998212E-3,
,,,-1.9640005E-3,79.999998212E-3,
,,,-1.9600005E-3,79.999998212E-3,
,,,-1.9560005E-3,79.999998212E-3,
,,,-1.9520004E-3,79.999998212E-3,
,,,-1.9480004E-3,0.0,
,,,-1.9440005E-3,79.999998212E-3,
,,,-1.9400005E-3,79.999998212E-3,
,,,-1.9360004E-3,79.999998212E-3,
,,,-1.9320004E-3,79.999998212E-3,
,,,-1.9280005E-3,79.999998212E-3,
,,,-1.9240004E-3,79.999998212E-3,
,,,-1.9200004E-3,79.999998212E-3,
,,,-1.9160005E-3,79.999998212E-3,
,,,-1.9120005E-3,79.999998212E-3,
,,,-1.9080004E-3,0.0,
,,,-1.9040004E-3,79.999998212E-3,
,,,-1.9000005E-3,79.999998212E-3,
,,,-1.8960005E-3,79.999998212E-3,
,,,-1.8920004E-3,79.999998212E-3,
,,,-1.8880004E-3,79.999998212E-3,
,,,-1.8840005E-3,0.0,
,,,-1.8800005E-3,79.999998212E-3,
,,,-1.8760004E-3,79.999998212E-3,
,,,-1.8720004E-3,79.999998212E-3,
,,,-1.8680005E-3,0.0,
,,,-1.8640005E-3,79.999998212E-3,
,,,-1.8600004E-3,0.0,
,,,-1.8560004E-3,79.999998212E-3,
,,,-1.8520005E-3,79.999998212E-3,
,,,-1.8480005E-3,79.999998212E-3,
,,,-1.8440004E-3,79.999998212E-3,
,,,-1.8400005E-3,79.999998212E-3,
,,,-1.8360005E-3,0.0,
,,,-1.8320004E-3,79.999998212E-3,
,,,-1.8280004E-3,79.999998212E-3,
,,,-1.8240005E-3,79.999998212E-3,
,,,-1.8200005E-3,79.999998212E-3,
,,,-1.8160004E-3,79.999998212E-3,
,,,-1.8120004E-3,0.0,
,,,-1.8080005E-3,79.999998212E-3,
,,,-1.8040005E-3,79.999998212E-3,
,,,-1.8000004E-3,79.999998212E-3,
,,,-1.7960004E-3,79.999998212E-3,
,,,-1.7920005E-3,79.999998212E-3,
,,,-1.7880005E-3,0.0,
,,,-1.7840004E-3,79.999998212E-3,
,,,-1.7800004E-3,0.0,
,,,-1.7760005E-3,0.0,
,,,-1.7720005E-3,0.0,
,,,-1.7680004E-3,79.999998212E-3,
,,,-1.7640004E-3,0.0,
,,,-1.7600005E-3,79.999998212E-3,
,,,-1.7560004E-3,79.999998212E-3,
,,,-1.7520004E-3,79.999998212E-3,
,,,-1.7480005E-3,79.999998212E-3,
,,,-1.7440005E-3,79.999998212E-3,
,,,-1.7400004E-3,79.999998212E-3,
,,,-1.7360004E-3,79.999998212E-3,
,,,-1.7320005E-3,79.999998212E-3,
,,,-1.7280005E-3,79.999998212E-3,
,,,-1.7240004E-3,0.0,
,,,-1.7200004E-3,79.999998212E-3,
,,,-1.7160005E-3,0.0,
,,,-1.7120005E-3,79.999998212E-3,
,,,-1.7080004E-3,79.999998212E-3,
,,,-1.7040004E-3,79.999998212E-3,
,,,-1.7000005E-3,0.0,
,,,-1.6960005E-3,79.999998212E-3,
,,,-1.6920004E-3,0.0,
,,,-1.6880004E-3,79.999998212E-3,
,,,-1.6840005E-3,0.0,
,,,-1.6800005E-3,79.999998212E-3,
,,,-1.6760004E-3,79.999998212E-3,
,,,-1.6720004E-3,79.999998212E-3,
,,,-1.6680005E-3,0.0,
,,,-1.6640004E-3,79.999998212E-3,
,,,-1.6600004E-3,79.999998212E-3,
,,,-1.6560005E-3,79.999998212E-3,
,,,-1.6520005E-3,79.999998212E-3,
,,,-1.6480004E-3,79.999998212E-3,
,,,-1.6440004E-3,0.0,
,,,-1.6400005E-3,79.999998212E-3,
,,,-1.6360005E-3,79.999998212E-3,
,,,-1.6320004E-3,79.999998212E-3,
,,,-1.6280004E-3,79.999998212E-3,
,,,-1.6240005E-3,0.0,
,,,-1.6200005E-3,79.999998212E-3,
,,,-1.6160004E-3,79.999998212E-3,
,,,-1.6120004E-3,79.999998212E-3,
,,,-1.6080005E-3,79.999998212E-3,
,,,-1.6040005E-3,0.0,
,,,-1.6000004E-3,79.999998212E-3,
,,,-1.5960004E-3,0.0,
,,,-1.5920005E-3,79.999998212E-3,
,,,-1.5880005E-3,79.999998212E-3,
,,,-1.5840004E-3,79.999998212E-3,
,,,-1.5800005E-3,0.0,
,,,-1.5760005E-3,79.999998212E-3,
,,,-1.5720004E-3,0.0,
,,,-1.5680004E-3,0.0,
,,,-1.5640005E-3,0.0,
,,,-1.5600005E-3,79.999998212E-3,
,,,-1.5560004E-3,79.999998212E-3,
,,,-1.5520004E-3,79.999998212E-3,
,,,-1.5480005E-3,0.0,
,,,-1.5440005E-3,79.999998212E-3,
,,,-1.5400004E-3,0.0,
,,,-1.5360004E-3,79.999998212E-3,
,,,-1.5320005E-3,0.0,
,,,-1.5280005E-3,0.0,
,,,-1.5240004E-3,0.0,
,,,-1.5200004E-3,79.999998212E-3,
,,,-1.5160005E-3,79.999998212E-3,
,,,-1.5120005E-3,79.999998212E-3,
,,,-1.5080004E-3,79.999998212E-3,
,,,-1.5040004E-3,79.999998212E-3,
,,,-1.5000005E-3,0.0,
,,,-1.4960004E-3,79.999998212E-3,
,,,-1.4920004E-3,0.0,
,,,-1.4880005E-3,79.999998212E-3,
,,,-1.4840005E-3,0.0,
,,,-1.4800004E-3,79.999998212E-3,
,,,-1.4760004E-3,0.0,
,,,-1.4720005E-3,79.999998212E-3,
,,,-1.4680005E-3,0.0,
,,,-1.4640004E-3,0.0,
,,,-1.4600004E-3,0.0,
,,,-1.4560005E-3,79.999998212E-3,
,,,-1.4520005E-3,0.0,
,,,-1.4480004E-3,79.999998212E-3,
,,,-1.4440004E-3,79.999998212E-3,
,,,-1.4400005E-3,0.0,
,,,-1.4360005E-3,79.999998212E-3,
,,,-1.4320004E-3,79.999998212E-3,
,,,-1.4280004E-3,79.999998212E-3,
,,,-1.4240005E-3,79.999998212E-3,
,,,-1.4200005E-3,79.999998212E-3,
,,,-1.4160004E-3,79.999998212E-3,
,,,-1.4120005E-3,79.999998212E-3,
,,,-1.4080005E-3,0.0,
,,,-1.4040004E-3,0.0,
,,,-1.4000004E-3,79.999998212E-3,
,,,-1.3960005E-3,79.999998212E-3,
,,,-1.3920005E-3,79.999998212E-3,
,,,-1.3880004E-3,0.0,
,,,-1.3840004E-3,0.0,
,,,-1.3800005E-3,0.0,
,,,-1.3760005E-3,79.999998212E-3,
,,,-1.3720004E-3,79.999998212E-3,
,,,-1.3680004E-3,79.999998212E-3,
,,,-1.3640005E-3,79.999998212E-3,
,,,-1.3600005E-3,0.0,
,,,-1.3560004E-3,0.0,
,,,-1.3520004E-3,79.999998212E-3,
,,,-1.3480005E-3,79.999998212E-3,
,,,-1.3440005E-3,79.999998212E-3,
,,,-1.3400004E-3,79.999998212E-3,
,,,-1.3360004E-3,79.999998212E-3,
,,,-1.3320005E-3,0.0,
,,,-1.3280004E-3,0.0,
,,,-1.3240004E-3,79.999998212E-3,
,,,-1.3200005E-3,0.0,
,,,-1.3160005E-3,0.0,
,,,-1.3120004E-3,79.999998212E-3,
,,,-1.3080004E-3,0.0,
,,,-1.3040005E-3,79.999998212E-3,
,,,-1.3000005E-3,0.0,
,,,-1.2960004E-3,0.0,
,,,-1.2920004E-3,0.0,
,,,-1.2880005E-3,79.999998212E-3,
,,,-1.2840005E-3,0.0,
,,,-1.2800004E-3,79.999998212E-3,
,,,-1.2760004E-3,0.0,
,,,-1.2720005E-3,79.999998212E-3,
,,,-1.2680005E-3,0.0,
,,,-1.2640004E-3,79.999998212E-3,
,,,-1.2600004E-3,0.0,
,,,-1.2560005E-3,79.999998212E-3,
,,,-1.2520005E-3,79.999998212E-3,
,,,-1.2480004E-3,79.999998212E-3,
,,,-1.2440004E-3,79.999998212E-3,
,,,-1.2400005E-3,0.0,
,,,-1.2360004E-3,79.999998212E-3,
,,,-1.2320004E-3,79.999998212E-3,
,,,-1.2280005E-3,79.999998212E-3,
,,,-1.2240005E-3,79.999998212E-3,
,,,-1.2200004E-3,79.999998212E-3,
,,,-1.2160004E-3,79.999998212E-3,
,,,-1.2120005E-3,0.0,
,,,-1.2080005E-3,79.999998212E-3,
,,,-1.2040004E-3,0.0,
,,,-1.2000004E-3,79.999998212E-3,
,,,-1.1960005E-3,79.999998212E-3,
,,,-1.1920005E-3,79.999998212E-3,
,,,-1.1880004E-3,0.0,
,,,-1.1840004E-3,79.999998212E-3,
,,,-1.1800005E-3,0.0,
,,,-1.1760005E-3,79.999998212E-3,
,,,-1.1720004E-3,79.999998212E-3,
,,,-1.1680004E-3,0.0,
,,,-1.1640005E-3,0.0,
,,,-1.1600005E-3,79.999998212E-3,
,,,-1.1560004E-3,79.999998212E-3,
,,,-1.1520005E-3,79.999998212E-3,
,,,-1.1480005E-3,79.999998212E-3,
,,,-1.1440004E-3,0.0,
,,,-1.1400004E-3,0.0,
,,,-1.1360005E-3,79.999998212E-3,
,,,-1.1320005E-3,0.0,
,,,-1.1280004E-3,79.999998212E-3,
,,,-1.1240004E-3,79.999998212E-3,
,,,-1.1200005E-3,79.999998212E-3,
,,,-1.1160005E-3,0.0,
,,,-1.1120004E-3,79.999998212E-3,
,,,-1.1080004E-3,79.999998212E-3,
,,,-1.1040005E-3,79.999998212E-3,
,,,-1.1000005E-3,0.0,
,,,-1.0960004E-3,79.999998212E-3,
,,,-1.0920004E-3,79.999998212E-3,
,,,-1.0880005E-3,0.0,
,,,-1.0840005E-3,0.0,
,,,-1.0800004E-3,79.999998212E-3,
,,,-1.0760004E-3,79.999998212E-3,
,,,-1.0720005E-3,0.0,
,,,-1.0680004E-3,0.0,
,,,-1.0640004E-3,0.0,
,,,-1.0600005E-3,0.0,
,,,-1.0560005E-3,0.0,
,,,-1.0520004E-3,0.0,
,,,-1.0480004E-3,79.999998212E-3,
,,,-1.0440005E-3,0.0,
,,,-1.0400005E-3,0.0,
,,,-1.0360004E-3,0.0,
,,,-1.0320004E-3,0.0,
,,,-1.0280005E-3,0.0,
,,,-1.0240005E-3,79.999998212E-3,
,,,-1.0200004E-3,0.0,
,,,-1.0160004E-3,79.999998212E-3,
,,,-1.0120005E-3,0.0,
,,,-1.0080005E-3,79.999998212E-3,
,,,-1.0040004E-3,0.0,
,,,-1.0000004E-3,0.0,
,,,-996.000482701E-6,0.0,
,,,-992.000452243E-6,79.999998212E-3,
,,,-988.000421785E-6,0.0,
,,,-984.000507742E-6,79.999998212E-3,
,,,-980.000477284E-6,0.0,
,,,-976.000446826E-6,79.999998212E-3,
,,,-972.000474576E-6,79.999998212E-3,
,,,-968.000444118E-6,79.999998212E-3,
,,,-964.000471868E-6,0.0,
,,,-960.000441410E-6,0.0,
,,,-956.000469159E-6,0.0,
,,,-952.000438701E-6,79.999998212E-3,
,,,-948.000466451E-6,0.0,
,,,-944.000435993E-6,79.999998212E-3,
,,,-940.000463743E-6,0.0,
,,,-936.000433285E-6,0.0,
,,,-932.000461034E-6,0.0,
,,,-928.000430577E-6,0.0,
,,,-924.000458326E-6,0.0,
,,,-920.000427868E-6,79.999998212E-3,
,,,-916.000455618E-6,0.0,
,,,-912.000425160E-6,0.0,
,,,-908.000452910E-6,0.0,
,,,-904.000422452E-6,79.999998212E-3,
,,,-900.000450201E-6,79.999998212E-3,
,,,-896.000477951E-6,79.999998212E-3,
,,,-892.000447493E-6,0.0,
,,,-888.000475243E-6,0.0,
,,,-884.000444785E-6,0.0,
,,,-880.000472534E-6,0.0,
,,,-876.000442076E-6,0.0,
,,,-872.000469826E-6,79.999998212E-3,
,,,-868.000439368E-6,79.999998212E-3,
,,,-864.000467118E-6,0.0,
,,,-860.000436660E-6,0.0,
,,,-856.000464410E-6,79.999998212E-3,
,,,-852.000433952E-6,0.0,
,,,-848.000461701E-6,79.999998212E-3,
,,,-844.000431243E-6,0.0,
,,,-840.000458993E-6,0.0,
,,,-836.000428535E-6,79.999998212E-3,
,,,-832.000456285E-6,0.0,
,,,-828.000425827E-6,0.0,
,,,-824.000453576E-6,0.0,
,,,-820.000423118E-6,79.999998212E-3,
,,,-816.000450868E-6,0.0,
,,,-812.000478618E-6,0.0,
,,,-808.000448160E-6,79.999998212E-3,
,,,-804.000475910E-6,0.0,
,,,-800.000445452E-6,79.999998212E-3,
,,,-796.000473201E-6,159.99999642E-3,
,,,-792.000442743E-6,0.0,
,,,-788.000470493E-6,0.0,
,,,-784.000440035E-6,0.0,
,,,-780.000467785E-6,0.0,
,,,-776.000437327E-6,0.0,
,,,-772.000465076E-6,0.0,
,,,-768.000434618E-6,79.999998212E-3,
,,,-764.000462368E-6,0.0,
,,,-760.000431910E-6,79.999998212E-3,
,,,-756.000459660E-6,0.0,
,,,-752.000429202E-6,0.0,
,,,-748.000456952E-6,0.0,
,,,-744.000426494E-6,0.0,
,,,-740.000454243E-6,79.999998212E-3,
,,,-736.000423785E-6,0.0,
,,,-732.000451535E-6,0.0,
,,,-728.000479285E-6,79.999998212E-3,
,,,-724.000448827E-6,0.0,
,,,-720.000476576E-6,0.0,
,,,-716.000446118E-6,0.0,
,,,-712.000473868E-6,0.0,
,,,-708.000443410E-6,0.0,
,,,-704.000471160E-6,0.0,
,,,-700.000440702E-6,0.0,
,,,-696.000468452E-6,79.999998212E-3,
,,,-692.000437994E-6,79.999998212E-3,
,,,-688.000465743E-6,0.0,
,,,-684.000435285E-6,0.0,
,,,-680.000463035E-6,0.0,
,,,-676.000432577E-6,0.0,
,,,-672.000460327E-6,79.999998212E-3,
,,,-668.000429869E-6,79.999998212E-3,
,,,-664.000457618E-6,0.0,
,,,-660.000427160E-6,79.999998212E-3,
,,,-656.000454910E-6,-79.999998212E-3,
,,,-652.000424452E-6,0.0,
,,,-648.000452202E-6,159.99999642E-3,
,,,-644.000479952E-6,159.99999642E-3,
,,,-640.000449494E-6,-159.99999642E-3,
,,,-636.000477243E-6,0.0,
,,,-632.000446785E-6,-159.99999642E-3,
,,,-628.000474535E-6,0.0,
,,,-624.000444077E-6,239.99999464E-3,
,,,-620.000471827E-6,319.99999285E-3,
,,,-616.000441369E-6,-319.99999285E-3,
,,,-612.000469118E-6,0.0,
,,,-608.000438660E-6,-399.99997616E-3,
,,,-604.000466410E-6,-159.99999642E-3,
,,,-600.000435952E-6,319.99999285E-3,
,,,-596.000463702E-6,479.999989271E-3,
,,,-592.000433244E-6,-319.99999285E-3,
,,,-588.000460993E-6,159.99999642E-3,
,,,-584.000430536E-6,-560.000002384E-3,
,,,-580.000458285E-6,-239.99999464E-3,
,,,-576.000427827E-6,399.99997616E-3,
,,,-572.000455577E-6,719.999969006E-3,
,,,-568.000425119E-6,-399.99997616E-3,
,,,-564.000452869E-6,319.99999285E-3,
,,,-560.000422411E-6,-799.999952316E-3,
,,,-556.000450160E-6,-479.999989271E-3,
,,,-552.000477910E-6,399.99997616E-3,
,,,-548.000447452E-6,959.999978542E-3,
,,,-544.000475202E-6,-399.99997616E-3,
,,,-540.000444744E-6,639.999985695E-3,
,,,-536.000472493E-6,-1.1200000,
,,,-532.000442035E-6,-719.999969006E-3,
,,,-528.000469785E-6,239.99999464E-3,
,,,-524.000439327E-6,1.1999999,
,,,-520.000467077E-6,-319.99999285E-3,
,,,-516.000436619E-6,1.0400000,
,,,-512.000464369E-6,-1.2800000,
,,,-508.000433911E-6,-1.0400000,
,,,-504.000461660E-6,0.0,
,,,-500.000431202E-6,1.2800000,
,,,-496.000458952E-6,-399.99997616E-3,
,,,-492.000428494E-6,1.4399999,
,,,-488.000456244E-6,-1.5999999,
,,,-484.000454890E-6,-1.2800000,
,,,-480.000453535E-6,-399.99997616E-3,
,,,-476.000452181E-6,1.2800000,
,,,-472.000450827E-6,-239.99999464E-3,
,,,-468.000449473E-6,1.8399999,
,,,-464.000448119E-6,-1.9200000,
,,,-460.000446765E-6,-1.1999999,
,,,-456.000445411E-6,-1.0400000,
,,,-452.000444056E-6,1.3600000,
,,,-448.000442702E-6,79.999998212E-3,
,,,-444.000441348E-6,2.1599998,
,,,-440.000439994E-6,-2.1599998,
,,,-436.000438640E-6,-879.999995232E-3,
,,,-432.000437286E-6,-1.5200000,
,,,-428.000465035E-6,1.4399999,
,,,-424.000463681E-6,560.000002384E-3,
,,,-420.000462327E-6,2.2400000,
,,,-416.000460973E-6,-2.1599998,
,,,-412.000459619E-6,-399.99997616E-3,
,,,-408.000458265E-6,-2.0799999,
,,,-404.000456911E-6,1.3600000,
,,,-400.00045556E-6,1.1999999,
,,,-396.00045420E-6,2.3199999,
,,,-392.00045285E-6,-2.0000000,
,,,-388.00045149E-6,239.99999464E-3,
,,,-384.00045014E-6,-2.5599999,
,,,-380.00044879E-6,1.1200000,
,,,-376.00044743E-6,1.9200000,
,,,-372.00044608E-6,2.72000003,
,,,-368.00044472E-6,-2.0000000,
,,,-364.00044337E-6,879.999995232E-3,
,,,-360.00044202E-6,-2.79999995,
,,,-356.00044066E-6,560.000002384E-3,
,,,-352.00043931E-6,1.3600000,
,,,-348.00043795E-6,2.96000004,
,,,-344.00046570E-6,-2.0000000,
,,,-340.00046435E-6,1.6799999,
,,,-336.00046299E-6,-3.03999996,
,,,-332.00046164E-6,-79.999998212E-3,
,,,-328.00046029E-6,719.999969006E-3,
,,,-324.00045893E-6,2.87999988,
,,,-320.00045758E-6,-1.7600000,
,,,-316.00045622E-6,2.2400000,
,,,-312.00045487E-6,-2.72000003,
,,,-308.00045351E-6,-879.999995232E-3,
,,,-304.00045216E-6,-79.999998212E-3,
,,,-300.00045081E-6,2.5599999,
,,,-296.00044945E-6,-1.4399999,
,,,-292.00044810E-6,2.79999995,
,,,-288.00044674E-6,-2.87999988,
,,,-284.00044539E-6,-1.7600000,
,,,-280.00044404E-6,-879.999995232E-3,
,,,-276.00044268E-6,2.2400000,
,,,-272.00044133E-6,-719.999969006E-3,
,,,-268.00043997E-6,3.03999996,
,,,-264.00043862E-6,-3.03999996,
,,,-260.00046637E-6,-1.6799999,
,,,-256.00046501E-6,-1.6799999,
,,,-252.00046366E-6,2.1599998,
,,,-248.00046231E-6,79.999998212E-3,
,,,-244.00044640E-6,3.03999996,
,,,-240.00045960E-6,-2.96000004,
,,,-236.00045824E-6,-879.999995232E-3,
,,,-232.00045689E-6,-2.3999999,
,,,-228.00045554E-6,1.8399999,
,,,-224.00045418E-6,959.999978542E-3,
,,,-220.00045283E-6,2.79999995,
,,,-216.00045147E-6,-2.5599999,
,,,-212.00045012E-6,159.99999642E-3,
,,,-208.00044877E-6,-2.87999988,
,,,-204.00044741E-6,1.2800000,
,,,-200.00044606E-6,1.9200000,
,,,-196.00045925E-6,3.11999989,
,,,-192.00045790E-6,-2.4800000,
,,,-188.00045655E-6,1.1200000,
,,,-184.00045519E-6,-3.11999989,
,,,-180.00045384E-6,479.999989271E-3,
,,,-176.00045248E-6,1.4399999,
,,,-172.00045113E-6,3.19999981,
,,,-168.00044978E-6,-2.3999999,
,,,-164.00044842E-6,2.0799999,
,,,-160.00044707E-6,-3.11999989,
,,,-156.00044571E-6,-479.999989271E-3,
,,,-152.00045891E-6,560.000002384E-3,
,,,-148.0004576E-6,2.96000004,
,,,-144.0004562E-6,-2.0799999,
,,,-140.0004548E-6,2.79999995,
,,,-136.0004535E-6,-3.03999996,
,,,-132.0004521E-6,-1.5999999,
,,,-128.0004508E-6,-479.999989271E-3,
,,,-124.0004494E-6,2.5599999,
,,,-120.0004554E-6,-1.4399999,
,,,-116.0004540E-6,3.27999997,
,,,-112.0004526E-6,-3.43999982,
,,,-108.0004513E-6,-2.2400000,
,,,-104.0004499E-6,-1.5200000,
,,,-100.0004559E-6,2.4800000,
,,,-96.000454505E-6,-560.000002384E-3,
,,,-92.000453151E-6,3.51999998,
,,,-88.000451797E-6,-3.43999982,
,,,-84.000450443E-6,-1.3600000,
,,,-80.000449088E-6,-2.4800000,
,,,-76.000455010E-6,2.3199999,
,,,-72.000453656E-6,479.999989271E-3,
,,,-68.000452302E-6,3.35999990,
,,,-64.000450948E-6,-3.19999981,
,,,-60.000453232E-6,-239.99999464E-3,
,,,-56.000451877E-6,-3.19999981,
,,,-52.00045416E-6,1.8399999,
,,,-48.00045281E-6,1.5999999,
,,,-44.00045145E-6,3.35999990,
,,,-40.00045374E-6,-2.87999988,
,,,-36.00045238E-6,799.999952316E-3,
,,,-32.00045467E-6,-3.59999990,
,,,-28.00045331E-6,1.1200000,
,,,-24.00045196E-6,2.1599998,
,,,-20.0004524E-6,3.67999983,
,,,-16.0004529E-6,-2.96000004,
,,,-12.0004534E-6,1.9200000,
,,,-8.000452908E-6,-3.75999999,
,,,-4.00045292E-6,159.99999642E-3,
,,,-452.928359628E-12,1.1200000,
,,,3.99954706E-6,3.67999983,
,,,7.999547051E-6,-2.72000003,
,,,11.9995475E-6,2.87999988,
,,,15.9995470E-6,-3.51999998,
,,,19.9995466E-6,-959.999978542E-3,
,,,23.99954610E-6,79.999998212E-3,
,,,27.99954746E-6,3.27999997,
,,,31.99954517E-6,-2.1599998,
,,,35.99954653E-6,3.51999998,
,,,39.99954788E-6,-3.75999999,
,,,43.99954560E-6,-2.1599998,
,,,47.99954695E-6,-1.1200000,
,,,51.99954830E-6,3.19999981,
,,,55.999546021E-6,-1.3600000,
,,,59.999547375E-6,4.00000000,
,,,63.999548729E-6,-4.07999992,
,,,67.999550083E-6,-2.3199999,
,,,71.999544161E-6,-2.2400000,
,,,75.999545516E-6,3.19999981,
,,,79.999546870E-6,-319.99999285E-3,
,,,83.999548224E-6,4.07999992,
,,,87.999549578E-6,-3.91999984,
,,,91.999543656E-6,-1.2800000,
,,,95.999545010E-6,-3.19999981,
,,,99.999546364E-6,2.96000004,
,,,103.9995477E-6,879.999995232E-3,
,,,107.9995491E-6,3.75999999,
,,,111.9995432E-6,-3.43999982,
,,,115.9995445E-6,-79.999998212E-3,
,,,119.9995459E-6,-3.83999991,
,,,123.9995472E-6,2.3199999,
,,,127.9995486E-6,2.0799999,
,,,131.9995499E-6,4.07999992,
,,,135.9995513E-6,-3.35999990,
,,,139.9995526E-6,1.0400000,
,,,143.9995540E-6,-4.23999977,
,,,147.9995408E-6,1.5200000,
,,,151.99954214E-6,2.3199999,
,,,155.99954349E-6,4.23999977,
,,,159.99954485E-6,-3.35999990,
,,,163.99954620E-6,2.1599998,
,,,167.99954756E-6,-4.23999977,
,,,171.99954891E-6,479.999989271E-3,
,,,175.99955027E-6,1.2800000,
,,,179.99955162E-6,4.15999985,
,,,183.99955297E-6,-3.03999996,
,,,187.99953978E-6,3.11999989,
,,,191.99954113E-6,-3.91999984,
,,,195.99954248E-6,-799.999952316E-3,
,,,199.99954384E-6,79.999998212E-3,
,,,203.99954519E-6,3.67999983,
,,,207.99954655E-6,-2.3999999,
,,,211.99954790E-6,3.75999999,
,,,215.99954925E-6,-4.07999992,
,,,219.99955061E-6,-2.0000000,
,,,223.99955196E-6,-1.1999999,
,,,227.99955332E-6,3.43999982,
,,,231.99954012E-6,-1.5200000,
,,,235.99954147E-6,4.07999992,
,,,239.99954283E-6,-4.23999977,
,,,243.99954418E-6,-2.3999999,
,,,247.99956009E-6,-2.2400000,
,,,251.99953234E-6,3.35999990,
,,,255.99953369E-6,-319.99999285E-3,
,,,259.99953505E-6,4.15999985,
,,,263.99953640E-6,-4.00000000,
,,,267.99953775E-6,-1.2800000,
,,,271.99953911E-6,-3.19999981,
,,,275.99954046E-6,2.96000004,
,,,279.99954182E-6,879.999995232E-3,
,,,283.99954317E-6,3.75999999,
,,,287.99954453E-6,-3.59999990,
,,,291.99954588E-6,0.0,
,,,295.99954723E-6,-3.83999991,
,,,299.99954859E-6,2.1599998,
,,,303.99954994E-6,2.0799999,
,,,307.99955130E-6,4.07999992,
,,,311.99955265E-6,-3.51999998,
,,,315.99955400E-6,1.2800000,
,,,319.99955536E-6,-4.15999985,
,,,323.99955671E-6,1.1999999,
,,,327.99955807E-6,2.1599998,
,,,331.99955942E-6,4.23999977,
,,,335.99953167E-6,-3.51999998,
,,,339.99953303E-6,2.3999999,
,,,343.99953438E-6,-4.15999985,
,,,347.99953573E-6,79.999998212E-3,
,,,351.99953709E-6,1.1200000,
,,,355.99953844E-6,4.07999992,
,,,359.99953980E-6,-3.03999996,
,,,363.99954115E-6,3.27999997,
,,,367.99954250E-6,-3.75999999,
,,,371.99954386E-6,-1.1200000,
,,,375.99954521E-6,0.0,
,,,379.99954657E-6,3.43999982,
,,,383.99954792E-6,-2.3199999,
,,,387.99954928E-6,3.75999999,
,,,391.99955063E-6,-3.91999984,
,,,395.99955198E-6,-2.2400000,
,,,399.99955334E-6,-1.1200000,
,,,403.999554692E-6,3.03999996,
,,,407.999556046E-6,-1.3600000,
,,,411.999557400E-6,3.91999984,
,,,415.999558754E-6,-3.91999984,
,,,419.999560108E-6,-2.1599998,
,,,423.999532359E-6,-2.0000000,
,,,427.999533713E-6,2.79999995,
,,,431.999535067E-6,-399.99997616E-3,
,,,435.999536421E-6,3.75999999,
,,,439.999537775E-6,-3.51999998,
,,,443.999539129E-6,-1.1200000,
,,,447.999540484E-6,-2.6399999,
,,,451.999541838E-6,2.1599998,
,,,455.999543192E-6,639.999985695E-3,
,,,459.999544546E-6,3.27999997,
,,,463.999545900E-6,-2.96000004,
,,,467.999547254E-6,-79.999998212E-3,
,,,471.999548608E-6,-2.96000004,
,,,475.999549963E-6,1.4399999,
,,,479.999551317E-6,1.5999999,
,,,483.999552671E-6,3.03999996,
,,,487.999554025E-6,-2.3999999,
,,,491.999555379E-6,879.999995232E-3,
,,,495.999527629E-6,-3.03999996,
,,,499.999558087E-6,560.000002384E-3,
,,,503.999530338E-6,1.5200000,
,,,507.999560796E-6,2.87999988,
,,,511.999533046E-6,-2.0000000,
,,,515.999563504E-6,1.5999999,
,,,519.999535754E-6,-2.79999995,
,,,523.999566212E-6,-319.99999285E-3,
,,,527.999538463E-6,639.999985695E-3,
,,,531.999568921E-6,2.5599999,
,,,535.999541171E-6,-1.5200000,
,,,539.999571629E-6,2.0000000,
,,,543.999543879E-6,-2.3199999,
,,,547.999574337E-6,-1.1999999,
,,,551.999546587E-6,-159.99999642E-3,
,,,555.999518838E-6,2.0000000,
,,,559.999549296E-6,-799.999952316E-3,
,,,563.999521546E-6,2.3199999,
,,,567.999552004E-6,-2.3199999,
,,,571.999524254E-6,-1.7600000,
,,,575.999554712E-6,-879.999995232E-3,
,,,579.999526963E-6,1.5200000,
,,,583.999557421E-6,-159.99999642E-3,
,,,587.999529671E-6,2.2400000,
,,,591.999560129E-6,-2.2400000,
,,,595.999532379E-6,-1.0400000,
,,,599.999562837E-6,-1.4399999,
,,,603.999535087E-6,1.1999999,
,,,607.999565545E-6,639.999985695E-3,
,,,611.999537796E-6,2.0000000,
,,,615.999568254E-6,-1.8399999,
,,,619.999540504E-6,-319.99999285E-3,
,,,623.999570962E-6,-1.8399999,
,,,627.999543212E-6,879.999995232E-3,
,,,631.999573670E-6,1.2800000,
,,,635.999545921E-6,1.8399999,
,,,639.999518171E-6,-1.3600000,
,,,643.999548629E-6,319.99999285E-3,
,,,647.999520879E-6,-2.0000000,
,,,651.999551337E-6,319.99999285E-3,
,,,655.999523588E-6,1.1200000,
,,,659.999554045E-6,1.9200000,
,,,663.999526296E-6,-1.1200000,
,,,667.999556754E-6,879.999995232E-3,
,,,671.999529004E-6,-1.9200000,
,,,675.999559462E-6,-239.99999464E-3,
,,,679.999531712E-6,560.000002384E-3,
,,,683.999562170E-6,1.8399999,
,,,687.999534421E-6,-879.999995232E-3,
,,,691.999564879E-6,1.3600000,
,,,695.999537129E-6,-1.7600000,
,,,699.999567587E-6,-879.999995232E-3,
,,,703.999539837E-6,0.0,
,,,707.999570295E-6,1.5200000,
,,,711.999542546E-6,-560.000002384E-3,
,,,715.999573004E-6,1.6799999,
,,,719.999545254E-6,-1.7600000,
,,,723.999517504E-6,-1.3600000,
,,,727.999547962E-6,-560.000002384E-3,
,,,731.999520212E-6,1.1200000,
,,,735.999550670E-6,-79.999998212E-3,
,,,739.999522921E-6,1.7600000,
,,,743.999553379E-6,-1.7600000,
,,,747.999525629E-6,-1.0400000,
,,,751.999556087E-6,-1.0400000,
,,,755.999528337E-6,799.999952316E-3,
,,,759.999558795E-6,399.99997616E-3,
,,,763.999531046E-6,1.6799999,
,,,767.999561504E-6,-1.6799999,
,,,771.999533754E-6,-479.999989271E-3,
,,,775.999564212E-6,-1.3600000,
,,,779.999536462E-6,560.000002384E-3,
,,,783.999566920E-6,879.999995232E-3,
,,,787.999539170E-6,1.5200000,
,,,791.999569628E-6,-1.4399999,
,,,795.999541879E-6,-79.999998212E-3,
,,,799.999572337E-6,-1.5200000,
,,,803.999544587E-6,239.99999464E-3,
,,,807.999516837E-6,1.1999999,
,,,811.999547295E-6,1.5999999,
,,,815.999519546E-6,-1.0400000,
,,,819.999550004E-6,399.99997616E-3,
,,,823.999522254E-6,-1.6799999,
,,,827.999552712E-6,-159.99999642E-3,
,,,831.999524962E-6,879.999995232E-3,
,,,835.999555420E-6,1.5200000,
,,,839.999527670E-6,-879.999995232E-3,
,,,843.999558128E-6,799.999952316E-3,
,,,847.999530379E-6,-1.5999999,
,,,851.999560837E-6,-560.000002384E-3,
,,,855.999533087E-6,399.99997616E-3,
,,,859.999563545E-6,1.4399999,
,,,863.999535795E-6,-719.999969006E-3,
,,,867.999566253E-6,1.1200000,
,,,871.999538504E-6,-1.3600000,
,,,875.999568962E-6,-1.0400000,
,,,879.999541212E-6,79.999998212E-3,
,,,883.999571670E-6,1.1999999,
,,,887.999543920E-6,-479.999989271E-3,
,,,891.999516170E-6,1.2800000,
,,,895.999546628E-6,-1.3600000,
,,,899.999518879E-6,-1.1999999,
,,,903.999549337E-6,-399.99997616E-3,
,,,907.999521587E-6,879.999995232E-3,
,,,911.999552045E-6,-79.999998212E-3,
,,,915.999524295E-6,1.3600000,
,,,919.999554753E-6,-1.3600000,
,,,923.999527004E-6,-879.999995232E-3,
,,,927.999557462E-6,-639.999985695E-3,
,,,931.999529712E-6,479.999989271E-3,
,,,935.999560170E-6,239.99999464E-3,
,,,939.999532420E-6,1.2800000,
,,,943.999562878E-6,-1.2800000,
,,,947.999535128E-6,-479.999989271E-3,
,,,951.999565586E-6,-879.999995232E-3,
,,,955.999537837E-6,239.99999464E-3,
,,,959.999568295E-6,560.000002384E-3,
,,,963.999540545E-6,1.0400000,
,,,967.999571003E-6,-1.1200000,
,,,971.999543253E-6,-159.99999642E-3,
,,,975.999515504E-6,-1.0400000,
,,,979.999545962E-6,0.0,
,,,983.999576420E-6,879.999995232E-3,
,,,987.999490462E-6,879.999995232E-3,
,,,991.999520920E-6,-799.999952316E-3,
,,,995.999551378E-6,159.99999642E-3,
,,,999.999581836E-6,-1.0400000,
,,,1.0039995E-3,-319.99999285E-3,
,,,1.0079995E-3,560.000002384E-3,
,,,1.0119996E-3,879.999995232E-3,
,,,1.0159996E-3,-479.999989271E-3,
,,,1.0199995E-3,399.99997616E-3,
,,,1.0239995E-3,-959.999978542E-3,
,,,1.0279996E-3,-639.999985695E-3,
,,,1.0319996E-3,319.99999285E-3,
,,,1.0359995E-3,799.999952316E-3,
,,,1.0399995E-3,-239.99999464E-3,
,,,1.0439996E-3,560.000002384E-3,
,,,1.0479996E-3,-879.999995232E-3,
,,,1.0519995E-3,-879.999995232E-3,
,,,1.0559995E-3,0.0,
,,,1.0599996E-3,639.999985695E-3,
,,,1.0639995E-3,0.0,
,,,1.0679995E-3,639.999985695E-3,
,,,1.0719995E-3,-719.999969006E-3,
,,,1.0759996E-3,-719.999969006E-3,
,,,1.0799995E-3,-239.99999464E-3,
,,,1.0839995E-3,399.99997616E-3,
,,,1.0879996E-3,239.99999464E-3,
,,,1.0919996E-3,719.999969006E-3,
,,,1.0959995E-3,-719.999969006E-3,
,,,1.0999995E-3,-479.999989271E-3,
,,,1.1039996E-3,-399.99997616E-3,
,,,1.1079996E-3,159.99999642E-3,
,,,1.1119995E-3,479.999989271E-3,
,,,1.1159995E-3,639.999985695E-3,
,,,1.1199996E-3,-639.999985695E-3,
,,,1.1239996E-3,-159.99999642E-3,
,,,1.1279995E-3,-639.999985695E-3,
,,,1.1319995E-3,0.0,
,,,1.1359996E-3,560.000002384E-3,
,,,1.1399996E-3,560.000002384E-3,
,,,1.1439995E-3,-479.999989271E-3,
,,,1.1479995E-3,0.0,
,,,1.1519996E-3,-639.999985695E-3,
,,,1.1559995E-3,-319.99999285E-3,
,,,1.1599995E-3,399.99997616E-3,
,,,1.1639996E-3,560.000002384E-3,
,,,1.1679996E-3,-319.99999285E-3,
,,,1.1719995E-3,159.99999642E-3,
,,,1.1759995E-3,-719.999969006E-3,
,,,1.1799996E-3,-479.999989271E-3,
,,,1.1839996E-3,239.99999464E-3,
,,,1.1879995E-3,560.000002384E-3,
,,,1.1919995E-3,-159.99999642E-3,
,,,1.1959996E-3,399.99997616E-3,
,,,1.1999996E-3,-639.999985695E-3,
,,,1.2039995E-3,-560.000002384E-3,
,,,1.2079995E-3,79.999998212E-3,
,,,1.2119996E-3,479.999989271E-3,
,,,1.2159996E-3,79.999998212E-3,
,,,1.2199995E-3,479.999989271E-3,
,,,1.2239995E-3,-639.999985695E-3,
,,,1.2279996E-3,-639.999985695E-3,
,,,1.2319996E-3,-239.99999464E-3,
,,,1.2359995E-3,319.99999285E-3,
,,,1.2399995E-3,239.99999464E-3,
,,,1.2439996E-3,560.000002384E-3,
,,,1.2479995E-3,-639.999985695E-3,
,,,1.2519995E-3,-479.999989271E-3,
,,,1.2559996E-3,-319.99999285E-3,
,,,1.2599996E-3,159.99999642E-3,
,,,1.2639995E-3,399.99997616E-3,
,,,1.2679995E-3,479.999989271E-3,
,,,1.2719996E-3,-560.000002384E-3,
,,,1.2759996E-3,-239.99999464E-3,
,,,1.2799995E-3,-479.999989271E-3,
,,,1.2839995E-3,0.0,
,,,1.2879996E-3,479.999989271E-3,
,,,1.2919996E-3,479.999989271E-3,
,,,1.2959995E-3,-479.999989271E-3,
,,,1.2999995E-3,-79.999998212E-3,
,,,1.3039996E-3,-560.000002384E-3,
,,,1.3079996E-3,-159.99999642E-3,
,,,1.3119995E-3,399.99997616E-3,
,,,1.3159995E-3,479.999989271E-3,
,,,1.3199996E-3,-479.999989271E-3,
,,,1.3239995E-3,79.999998212E-3,
,,,1.3279995E-3,-560.000002384E-3,
,,,1.3319995E-3,-319.99999285E-3,
,,,1.3359996E-3,319.99999285E-3,
,,,1.3399995E-3,479.999989271E-3,
,,,1.3439995E-3,-239.99999464E-3,
,,,1.3479996E-3,239.99999464E-3,
,,,1.3519996E-3,-560.000002384E-3,
,,,1.3559995E-3,-399.99997616E-3,
,,,1.3599995E-3,159.99999642E-3,
,,,1.3639996E-3,399.99997616E-3,
,,,1.3679996E-3,-159.99999642E-3,
,,,1.3719995E-3,319.99999285E-3,
,,,1.3759995E-3,-560.000002384E-3,
,,,1.3799996E-3,-560.000002384E-3,
,,,1.3839996E-3,0.0,
,,,1.3879995E-3,399.99997616E-3,
,,,1.3919995E-3,0.0,
,,,1.3959996E-3,399.99997616E-3,
,,,1.3999996E-3,-479.999989271E-3,
,,,1.4039995E-3,-479.999989271E-3,
,,,1.4079995E-3,-79.999998212E-3,
,,,1.4119996E-3,319.99999285E-3,
,,,1.4159995E-3,79.999998212E-3,
,,,1.4199995E-3,399.99997616E-3,
,,,1.4239996E-3,-560.000002384E-3,
,,,1.4279996E-3,-399.99997616E-3,
,,,1.4319995E-3,-239.99999464E-3,
,,,1.4359995E-3,159.99999642E-3,
,,,1.4399996E-3,159.99999642E-3,
,,,1.4439996E-3,399.99997616E-3,
,,,1.4479995E-3,-479.999989271E-3,
,,,1.4519995E-3,-319.99999285E-3,
,,,1.4559996E-3,-319.99999285E-3,
,,,1.4599996E-3,79.999998212E-3,
,,,1.4639995E-3,319.99999285E-3,
,,,1.4679995E-3,319.99999285E-3,
,,,1.4719996E-3,-399.99997616E-3,
,,,1.4759996E-3,-79.999998212E-3,
,,,1.4799995E-3,-399.99997616E-3,
,,,1.4839995E-3,-79.999998212E-3,
,,,1.4879996E-3,319.99999285E-3,
,,,1.4919995E-3,239.99999464E-3,
,,,1.4959995E-3,-319.99999285E-3,
,,,1.4999995E-3,-79.999998212E-3,
,,,1.5039996E-3,-399.99997616E-3,
,,,1.5079995E-3,-159.99999642E-3,
,,,1.5119995E-3,239.99999464E-3,
,,,1.5159996E-3,319.99999285E-3,
,,,1.5199996E-3,-239.99999464E-3,
,,,1.5239995E-3,79.999998212E-3,
,,,1.5279995E-3,-399.99997616E-3,
,,,1.5319996E-3,-319.99999285E-3,
,,,1.5359996E-3,159.99999642E-3,
,,,1.5399995E-3,239.99999464E-3,
,,,1.5439995E-3,-159.99999642E-3,
,,,1.5479996E-3,79.999998212E-3,
,,,1.5519996E-3,-319.99999285E-3,
,,,1.5559995E-3,-319.99999285E-3,
,,,1.5599995E-3,0.0,
,,,1.5639996E-3,239.99999464E-3,
,,,1.5679996E-3,-79.999998212E-3,
,,,1.5719995E-3,159.99999642E-3,
,,,1.5759995E-3,-319.99999285E-3,
,,,1.5799996E-3,-319.99999285E-3,
,,,1.5839995E-3,-79.999998212E-3,
,,,1.5879995E-3,159.99999642E-3,
,,,1.5919995E-3,0.0,
,,,1.5959996E-3,159.99999642E-3,
,,,1.5999995E-3,-319.99999285E-3,
,,,1.6039995E-3,-239.99999464E-3,
,,,1.6079996E-3,-159.99999642E-3,
,,,1.6119996E-3,79.999998212E-3,
,,,1.6159995E-3,79.999998212E-3,
,,,1.6199995E-3,159.99999642E-3,
,,,1.6239996E-3,-239.99999464E-3,
,,,1.6279996E-3,-159.99999642E-3,
,,,1.6319995E-3,-239.99999464E-3,
,,,1.6359995E-3,-79.999998212E-3,
,,,1.6399996E-3,159.99999642E-3,
,,,1.6439996E-3,159.99999642E-3,
,,,1.6479995E-3,-239.99999464E-3,
,,,1.6519995E-3,-79.999998212E-3,
,,,1.6559996E-3,-319.99999285E-3,
,,,1.6599995E-3,-159.99999642E-3,
,,,1.6639995E-3,159.99999642E-3,
,,,1.6679995E-3,159.99999642E-3,
,,,1.6719996E-3,-159.99999642E-3,
,,,1.6759995E-3,0.0,
,,,1.6799995E-3,-319.99999285E-3,
,,,1.6839996E-3,-159.99999642E-3,
,,,1.6879996E-3,79.999998212E-3,
,,,1.6919995E-3,159.99999642E-3,
,,,1.6959995E-3,-79.999998212E-3,
,,,1.6999996E-3,79.999998212E-3,
,,,1.7039996E-3,-319.99999285E-3,
,,,1.7079995E-3,-239.99999464E-3,
,,,1.7119995E-3,0.0,
,,,1.7159996E-3,79.999998212E-3,
,,,1.7199996E-3,0.0,
,,,1.7239995E-3,159.99999642E-3,
,,,1.7279995E-3,-239.99999464E-3,
,,,1.7319996E-3,-239.99999464E-3,
,,,1.7359996E-3,-79.999998212E-3,
,,,1.7399995E-3,79.999998212E-3,
,,,1.7439995E-3,79.999998212E-3,
,,,1.7479996E-3,159.99999642E-3,
,,,1.7519995E-3,-239.99999464E-3,
,,,1.7559995E-3,-239.99999464E-3,
,,,1.7599995E-3,-79.999998212E-3,
,,,1.7639996E-3,0.0,
,,,1.7679995E-3,79.999998212E-3,
,,,1.7719995E-3,159.99999642E-3,
,,,1.7759996E-3,-239.99999464E-3,
,,,1.7799996E-3,-159.99999642E-3,
,,,1.7839995E-3,-159.99999642E-3,
,,,1.7879995E-3,-79.999998212E-3,
,,,1.7919996E-3,159.99999642E-3,
,,,1.7959996E-3,159.99999642E-3,
,,,1.7999995E-3,-239.99999464E-3,
,,,1.8039995E-3,-239.99999464E-3,
,,,1.8079996E-3,-239.99999464E-3,
,,,1.8119996E-3,-79.999998212E-3,
,,,1.8159995E-3,159.99999642E-3,
,,,1.8199995E-3,159.99999642E-3,
,,,1.8239996E-3,-239.99999464E-3,
,,,1.8279996E-3,-79.999998212E-3,
,,,1.8319995E-3,-239.99999464E-3,
,,,1.8359995E-3,-159.99999642E-3,
,,,1.8399996E-3,79.999998212E-3,
,,,1.8439995E-3,79.999998212E-3,
,,,1.8479995E-3,-159.99999642E-3,
,,,1.8519996E-3,-79.999998212E-3,
,,,1.8559996E-3,-239.99999464E-3,
,,,1.8599995E-3,-159.99999642E-3,
,,,1.8639995E-3,79.999998212E-3,
,,,1.8679996E-3,159.99999642E-3,
,,,1.8719996E-3,-79.999998212E-3,
,,,1.8759995E-3,0.0,
,,,1.8799995E-3,-239.99999464E-3,
,,,1.8839996E-3,-239.99999464E-3,
,,,1.8879996E-3,0.0,
,,,1.8919995E-3,79.999998212E-3,
,,,1.8959995E-3,-79.999998212E-3,
,,,1.8999996E-3,0.0,
,,,1.9039996E-3,-239.99999464E-3,
,,,1.9079995E-3,-239.99999464E-3,
,,,1.9119995E-3,0.0,
,,,1.9159996E-3,79.999998212E-3,
,,,1.9199995E-3,0.0,
,,,1.9239995E-3,79.999998212E-3,
,,,1.9279995E-3,-239.99999464E-3,
,,,1.9319996E-3,-239.99999464E-3,
,,,1.9359995E-3,-79.999998212E-3,
,,,1.9399995E-3,0.0,
,,,1.9439996E-3,0.0,
,,,1.9479996E-3,79.999998212E-3,
,,,1.9519995E-3,-239.99999464E-3,
,,,1.9559995E-3,-239.99999464E-3,
,,,1.9599996E-3,-159.99999642E-3,
,,,1.9639996E-3,-79.999998212E-3,
,,,1.9679996E-3,79.999998212E-3,
,,,1.9719996E-3,79.999998212E-3,
,,,1.9759994E-3,-239.99999464E-3,
,,,1.9799995E-3,-159.99999642E-3,
,,,1.9839995E-3,-79.999998212E-3,
,,,1.9879995E-3,0.0,
,,,1.9919996E-3,79.999998212E-3,
,,,1.9959996E-3,79.999998212E-3,
,,,1.9999996E-3,-159.99999642E-3,
,,,2.0039994E-3,-79.999998212E-3,
,,,2.0079995E-3,-159.99999642E-3,
,,,2.0119995E-3,-79.999998212E-3,
,,,2.0159995E-3,79.999998212E-3,
,,,2.0199995E-3,79.999998212E-3,
,,,2.0239996E-3,-159.99999642E-3,
,,,2.0279996E-3,-79.999998212E-3,
,,,2.0319996E-3,-159.99999642E-3,
,,,2.0359994E-3,-79.999998212E-3,
,,,2.0399995E-3,0.0,
,,,2.0439995E-3,79.999998212E-3,
,,,2.0479995E-3,-159.99999642E-3,
,,,2.0519996E-3,0.0,
,,,2.0559996E-3,-159.99999642E-3,
,,,2.0599996E-3,-159.99999642E-3,
,,,2.0639997E-3,0.0,
,,,2.0679994E-3,0.0,
,,,2.0719995E-3,-79.999998212E-3,
,,,2.0759995E-3,-79.999998212E-3,
,,,2.0799995E-3,-239.99999464E-3,
,,,2.0839996E-3,-159.99999642E-3,
,,,2.0879996E-3,0.0,
,,,2.0919996E-3,0.0,
,,,2.0959994E-3,-79.999998212E-3,
,,,2.0999995E-3,0.0,
,,,2.1039995E-3,-159.99999642E-3,
,,,2.1079995E-3,-159.99999642E-3,
,,,2.1119996E-3,-79.999998212E-3,
,,,2.1159996E-3,0.0,
,,,2.1199996E-3,0.0,
,,,2.1239996E-3,0.0,
,,,2.1279994E-3,-159.99999642E-3,
,,,2.1319995E-3,-159.99999642E-3,
,,,2.1359995E-3,-79.999998212E-3,
,,,2.1399995E-3,-79.999998212E-3,
,,,2.1439996E-3,0.0,
,,,2.1479996E-3,0.0,
,,,2.1519996E-3,-159.99999642E-3,
,,,2.1559997E-3,-159.99999642E-3,
,,,2.1599995E-3,-159.99999642E-3,
,,,2.1639995E-3,-79.999998212E-3,
,,,2.1679995E-3,0.0,
,,,2.1719995E-3,0.0,
,,,2.1759996E-3,-79.999998212E-3,
,,,2.1799996E-3,-79.999998212E-3,
,,,2.1839996E-3,-159.99999642E-3,
,,,2.1879994E-3,-79.999998212E-3,
,,,2.1919995E-3,0.0,
,,,2.1959995E-3,0.0,
,,,2.1999995E-3,-79.999998212E-3,
,,,2.2039996E-3,-79.999998212E-3,
,,,2.2079996E-3,-159.99999642E-3,
,,,2.2119996E-3,-159.99999642E-3,
,,,2.2159996E-3,0.0,
,,,2.2199994E-3,-79.999998212E-3,
,,,2.2239995E-3,-79.999998212E-3,
,,,2.2279995E-3,0.0,
,,,2.2319995E-3,-159.99999642E-3,
,,,2.2359996E-3,-159.99999642E-3,
,,,2.2399996E-3,0.0,
,,,2.2439996E-3,-79.999998212E-3,
,,,2.2479997E-3,0.0,
,,,2.2519995E-3,0.0,
,,,2.2559995E-3,-159.99999642E-3,
,,,2.2599995E-3,-159.99999642E-3,
,,,2.2639995E-3,-79.999998212E-3,
,,,2.2679996E-3,-79.999998212E-3,
,,,2.2719996E-3,0.0,
,,,2.2759996E-3,0.0,
,,,2.2799994E-3,-159.99999642E-3,
,,,2.2839995E-3,-159.99999642E-3,
,,,2.2879995E-3,-79.999998212E-3,
,,,2.2919995E-3,0.0,
,,,2.2959996E-3,0.0,
,,,2.2999996E-3,0.0,
,,,2.3039996E-3,-159.99999642E-3,
,,,2.3079996E-3,-79.999998212E-3,
,,,2.3119994E-3,-79.999998212E-3,
,,,2.3159995E-3,-79.999998212E-3,
,,,2.3199995E-3,0.0,
,,,2.3239995E-3,0.0,
,,,2.3279996E-3,-159.99999642E-3,
,,,2.3319996E-3,-79.999998212E-3,
,,,2.3359996E-3,-79.999998212E-3,
,,,2.3399997E-3,-79.999998212E-3,
,,,2.3439995E-3,0.0,
,,,2.3479995E-3,0.0,
,,,2.3519995E-3,-159.99999642E-3,
,,,2.3559995E-3,-79.999998212E-3,
,,,2.3599996E-3,-79.999998212E-3,
,,,2.3639996E-3,-159.99999642E-3,
,,,2.3679996E-3,0.0,
,,,2.3719994E-3,0.0,
,,,2.3759995E-3,-79.999998212E-3,
,,,2.3799995E-3,-79.999998212E-3,
,,,2.3839995E-3,-159.99999642E-3,
,,,2.3879996E-3,-79.999998212E-3,
,,,2.3919996E-3,0.0,
,,,2.3959996E-3,0.0,
,,,2.3999996E-3,-79.999998212E-3,
,,,2.4039994E-3,-79.999998212E-3,
,,,2.4079995E-3,-159.99999642E-3,
,,,2.4119995E-3,-159.99999642E-3,
,,,2.4159995E-3,0.0,
,,,2.4199996E-3,0.0,
,,,2.4239996E-3,-79.999998212E-3,
,,,2.4279996E-3,-79.999998212E-3,
,,,2.4319994E-3,-79.999998212E-3,
,,,2.4359995E-3,-159.99999642E-3,
,,,2.4399995E-3,-79.999998212E-3,
,,,2.4439995E-3,-79.999998212E-3,
,,,2.4479995E-3,-79.999998212E-3,
,,,2.4519996E-3,-79.999998212E-3,
,,,2.4559996E-3,-159.99999642E-3,
,,,2.4599996E-3,-159.99999642E-3,
,,,2.4639994E-3,-79.999998212E-3,
,,,2.4679995E-3,-79.999998212E-3,
,,,2.4719995E-3,0.0,
,,,2.4759995E-3,0.0,
,,,2.4799996E-3,-159.99999642E-3,
,,,2.4839996E-3,-159.99999642E-3,
,,,2.4879996E-3,-79.999998212E-3,
,,,2.4919997E-3,-79.999998212E-3,
,,,2.4959994E-3,-79.999998212E-3,
,,,2.4999995E-3,0.0,
,,,2.5039995E-3,-159.99999642E-3,
,,,2.5079995E-3,-159.99999642E-3,
,,,2.5119996E-3,-79.999998212E-3,
,,,2.5159996E-3,-159.99999642E-3,
,,,2.5199996E-3,0.0,
,,,2.5239994E-3,-79.999998212E-3,
,,,2.5279995E-3,-79.999998212E-3,
,,,2.5319995E-3,-79.999998212E-3,
,,,2.5359995E-3,-79.999998212E-3,
,,,2.5399996E-3,-159.99999642E-3,
,,,2.5439996E-3,-79.999998212E-3,
,,,2.5479996E-3,-79.999998212E-3,
,,,2.5519996E-3,-159.99999642E-3,
,,,2.5559994E-3,-79.999998212E-3,
,,,2.5599995E-3,-159.99999642E-3,
,,,2.5639995E-3,-79.999998212E-3,
,,,2.5679995E-3,-79.999998212E-3,
,,,2.5719996E-3,-79.999998212E-3,
,,,2.5759996E-3,-79.999998212E-3,
,,,2.5799996E-3,-79.999998212E-3,
,,,2.5839997E-3,-159.99999642E-3,
,,,2.5879995E-3,-159.99999642E-3,
,,,2.5919995E-3,-79.999998212E-3,
,,,2.5959995E-3,-79.999998212E-3,
,,,2.5999995E-3,-79.999998212E-3,
,,,2.6039996E-3,-79.999998212E-3,
,,,2.6079996E-3,-79.999998212E-3,
,,,2.6119996E-3,-159.99999642E-3,
,,,2.6159994E-3,-79.999998212E-3,
,,,2.6199995E-3,-79.999998212E-3,
,,,2.6239995E-3,-79.999998212E-3,
,,,2.6279995E-3,-79.999998212E-3,
,,,2.6319996E-3,-79.999998212E-3,
,,,2.6359996E-3,-159.99999642E-3,
,,,2.6399996E-3,-79.999998212E-3,
,,,2.6439996E-3,-79.999998212E-3,
,,,2.6479994E-3,-79.999998212E-3,
,,,2.6519995E-3,-79.999998212E-3,
,,,2.6559995E-3,-79.999998212E-3,
,,,2.6599995E-3,-79.999998212E-3,
,,,2.6639996E-3,-79.999998212E-3,
,,,2.6679996E-3,-79.999998212E-3,
,,,2.6719996E-3,-79.999998212E-3,
,,,2.6759997E-3,-79.999998212E-3,
,,,2.6799995E-3,-79.999998212E-3,
,,,2.6839995E-3,-79.999998212E-3,
,,,2.6879995E-3,-159.99999642E-3,
,,,2.6919995E-3,-79.999998212E-3,
,,,2.6959996E-3,0.0,
,,,2.6999996E-3,-79.999998212E-3,
,,,2.7039996E-3,-79.999998212E-3,
,,,2.7079994E-3,-79.999998212E-3,
,,,2.7119995E-3,-159.99999642E-3,
,,,2.7159995E-3,-79.999998212E-3,
,,,2.71999952E-3,-79.999998212E-3,
,,,2.72399955E-3,-79.999998212E-3,
,,,2.72799958E-3,-79.999998212E-3,
,,,2.73199962E-3,-79.999998212E-3,
,,,2.73599965E-3,-159.99999642E-3,
,,,2.73999944E-3,-159.99999642E-3,
,,,2.74399947E-3,0.0,
,,,2.74799950E-3,-79.999998212E-3,
,,,2.75199953E-3,-79.999998212E-3,
,,,2.75599957E-3,-79.999998212E-3,
,,,2.75999960E-3,-159.99999642E-3,
,,,2.76399963E-3,-79.999998212E-3,
,,,2.76799966E-3,-79.999998212E-3,
,,,2.77199945E-3,-79.999998212E-3,
,,,2.77599948E-3,0.0,
,,,2.77999952E-3,-79.999998212E-3,
,,,2.78399955E-3,-159.99999642E-3,
,,,2.78799958E-3,-159.99999642E-3,
,,,2.79199961E-3,-79.999998212E-3,
,,,2.79599964E-3,-79.999998212E-3,
,,,2.79999943E-3,-79.999998212E-3,
,,,2.80399946E-3,-79.999998212E-3,
,,,2.80799950E-3,-79.999998212E-3,
,,,2.81199953E-3,-159.99999642E-3,
,,,2.81599956E-3,-79.999998212E-3,
,,,2.81999959E-3,-79.999998212E-3,
,,,2.82399962E-3,-79.999998212E-3,
,,,2.82799965E-3,-79.999998212E-3,
,,,2.83199945E-3,-159.99999642E-3,
,,,2.83599948E-3,-79.999998212E-3,
,,,2.83999951E-3,-79.999998212E-3,
,,,2.84399954E-3,-79.999998212E-3,
,,,2.84799957E-3,0.0,
,,,2.85199960E-3,-79.999998212E-3,
,,,2.85599963E-3,-79.999998212E-3,
,,,2.85999943E-3,-79.999998212E-3,
,,,2.86399946E-3,-79.999998212E-3,
,,,2.86799949E-3,-79.999998212E-3,
,,,2.87199952E-3,-79.999998212E-3,
,,,2.87599955E-3,-79.999998212E-3,
,,,2.87999958E-3,-79.999998212E-3,
,,,2.88399961E-3,-79.999998212E-3,
,,,2.88799964E-3,-79.999998212E-3,
,,,2.89199944E-3,-79.999998212E-3,
,,,2.89599947E-3,0.0,
,,,2.89999950E-3,-79.999998212E-3,
,,,2.90399953E-3,-79.999998212E-3,
,,,2.90799956E-3,-79.999998212E-3,
,,,2.91199959E-3,-159.99999642E-3,
,,,2.91599962E-3,-79.999998212E-3,
,,,2.91999965E-3,-79.999998212E-3,
,,,2.92399945E-3,-79.999998212E-3,
,,,2.92799948E-3,-79.999998212E-3,
,,,2.93199951E-3,-79.999998212E-3,
,,,2.93599954E-3,-79.999998212E-3,
,,,2.93999957E-3,-79.999998212E-3,
,,,2.94399960E-3,-79.999998212E-3,
,,,2.94799963E-3,-79.999998212E-3,
,,,2.95199943E-3,-159.99999642E-3,
,,,2.95599946E-3,-79.999998212E-3,
,,,2.95999949E-3,-159.99999642E-3,
,,,2.96399952E-3,-159.99999642E-3,
,,,2.96799955E-3,-79.999998212E-3,
,,,2.97199958E-3,-79.999998212E-3,
,,,2.97599961E-3,-79.999998212E-3,
,,,2.97999964E-3,-79.999998212E-3,
,,,2.98399944E-3,-79.999998212E-3,
,,,2.98799947E-3,-79.999998212E-3,
,,,2.99199950E-3,-79.999998212E-3,
,,,2.99599953E-3,-159.99999642E-3,
,,,2.99999956E-3,-79.999998212E-3,
,,,3.00399959E-3,-79.999998212E-3,
,,,3.00799962E-3,-79.999998212E-3,
,,,3.01199965E-3,-159.99999642E-3,
,,,3.01599945E-3,-79.999998212E-3,
,,,3.01999948E-3,-79.999998212E-3,
,,,3.02399951E-3,-79.999998212E-3,
,,,3.02799954E-3,-79.999998212E-3,
,,,3.03199957E-3,-79.999998212E-3,
,,,3.03599960E-3,-159.99999642E-3,
,,,3.03999963E-3,-79.999998212E-3,
,,,3.04399943E-3,-159.99999642E-3,
,,,3.04799946E-3,-79.999998212E-3,
,,,3.05199949E-3,-79.999998212E-3,
,,,3.05599952E-3,-159.99999642E-3,
,,,3.05999955E-3,-79.999998212E-3,
,,,3.06399958E-3,-79.999998212E-3,
,,,3.06799961E-3,-159.99999642E-3,
,,,3.07199964E-3,-79.999998212E-3,
,,,3.07599944E-3,-79.999998212E-3,
,,,3.07999947E-3,-79.999998212E-3,
,,,3.08399950E-3,-79.999998212E-3,
,,,3.08799953E-3,-79.999998212E-3,
,,,3.09199956E-3,-159.99999642E-3,
,,,3.09599959E-3,-79.999998212E-3,
,,,3.09999962E-3,-79.999998212E-3,
,,,3.10399965E-3,-79.999998212E-3,
,,,3.10799945E-3,-79.999998212E-3,
,,,3.11199948E-3,-79.999998212E-3,
,,,3.11599951E-3,-79.999998212E-3,
,,,3.11999954E-3,-79.999998212E-3,
,,,3.12399957E-3,-79.999998212E-3,
,,,3.12799960E-3,-79.999998212E-3,
,,,3.13199963E-3,-79.999998212E-3,
,,,3.13599943E-3,-79.999998212E-3,
,,,3.13999946E-3,-159.99999642E-3,
,,,3.14399949E-3,-79.999998212E-3,
,,,3.14799952E-3,-79.999998212E-3,
,,,3.15199955E-3,-79.999998212E-3,
,,,3.15599958E-3,-159.99999642E-3,
,,,3.15999961E-3,-79.999998212E-3,
,,,3.16399965E-3,-79.999998212E-3,
,,,3.16799944E-3,-159.99999642E-3,
,,,3.17199947E-3,-79.999998212E-3,
,,,3.17599950E-3,-79.999998212E-3,
,,,3.17999953E-3,-79.999998212E-3,
,,,3.18399956E-3,-79.999998212E-3,
,,,3.18799959E-3,-159.99999642E-3,
,,,3.19199963E-3,-79.999998212E-3,
,,,3.19599942E-3,-79.999998212E-3,
,,,3.19999945E-3,-79.999998212E-3,
,,,3.20399948E-3,-159.99999642E-3,
,,,3.20799951E-3,-79.999998212E-3,
,,,3.21199954E-3,-79.999998212E-3,
,,,3.21599958E-3,-79.999998212E-3,
,,,3.21999961E-3,-79.999998212E-3,
,,,3.22399964E-3,-79.999998212E-3,
,,,3.22799943E-3,-79.999998212E-3,
,,,3.23199946E-3,-79.999998212E-3,
,,,3.23599949E-3,-159.99999642E-3,
,,,3.23999953E-3,-79.999998212E-3,
,,,3.24399956E-3,-79.999998212E-3,
,,,3.24799959E-3,-79.999998212E-3,
,,,3.25199962E-3,-159.99999642E-3,
,,,3.25599965E-3,-79.999998212E-3,
,,,3.25999944E-3,-79.999998212E-3,
,,,3.26399948E-3,-79.999998212E-3,
,,,3.26799951E-3,-79.999998212E-3,
,,,3.27199954E-3,-79.999998212E-3,
,,,3.27599957E-3,-159.99999642E-3,
,,,3.27999960E-3,-79.999998212E-3,
,,,3.28399963E-3,-79.999998212E-3,
,,,3.28799943E-3,-79.999998212E-3,
,,,3.29199946E-3,-79.999998212E-3,
,,,3.29599949E-3,-79.999998212E-3,
,,,3.29999952E-3,-159.99999642E-3,
,,,3.30399955E-3,-79.999998212E-3,
,,,3.30799958E-3,-159.99999642E-3,
,,,3.31199961E-3,-79.999998212E-3,
,,,3.31599964E-3,-79.999998212E-3,
,,,3.31999944E-3,-79.999998212E-3,
,,,3.32399947E-3,-79.999998212E-3,
,,,3.32799950E-3,-79.999998212E-3,
,,,3.33199953E-3,-159.99999642E-3,
,,,3.33599956E-3,-79.999998212E-3,
,,,3.33999959E-3,-79.999998212E-3,
,,,3.34399962E-3,-79.999998212E-3,
,,,3.34799965E-3,-79.999998212E-3,
,,,3.35199945E-3,-79.999998212E-3,
,,,3.35599948E-3,-159.99999642E-3,
,,,3.35999951E-3,-79.999998212E-3,
,,,3.36399954E-3,-79.999998212E-3,
,,,3.36799957E-3,-79.999998212E-3,
,,,3.37199960E-3,-79.999998212E-3,
,,,3.37599963E-3,-79.999998212E-3,
,,,3.37999943E-3,-79.999998212E-3,
,,,3.38399946E-3,-79.999998212E-3,
,,,3.38799949E-3,-79.999998212E-3,
,,,3.39199952E-3,-79.999998212E-3,
,,,3.39599955E-3,-79.999998212E-3,
,,,3.39999958E-3,-79.999998212E-3,
,,,3.40399961E-3,-79.999998212E-3,
,,,3.40799964E-3,-79.999998212E-3,
,,,3.41199944E-3,-159.99999642E-3,
,,,3.41599947E-3,-79.999998212E-3,
,,,3.41999950E-3,-79.999998212E-3,
,,,3.42399953E-3,-79.999998212E-3,
,,,3.42799956E-3,-79.999998212E-3,
,,,3.43199959E-3,-159.99999642E-3,
,,,3.43599962E-3,-79.999998212E-3,
,,,3.43999965E-3,-79.999998212E-3,
,,,3.44399945E-3,-79.999998212E-3,
,,,3.44799948E-3,-79.999998212E-3,
,,,3.45199951E-3,-79.999998212E-3,
,,,3.45599954E-3,-79.999998212E-3,
,,,3.45999957E-3,-159.99999642E-3,
,,,3.46399960E-3,-79.999998212E-3,
,,,3.46799963E-3,-79.999998212E-3,
,,,3.47199943E-3,-79.999998212E-3,
,,,3.47599946E-3,-79.999998212E-3,
,,,3.47999949E-3,-159.99999642E-3,
,,,3.48399952E-3,-79.999998212E-3,
,,,3.48799955E-3,-79.999998212E-3,
,,,3.49199958E-3,-79.999998212E-3,
,,,3.49599961E-3,-79.999998212E-3,
,,,3.49999964E-3,-79.999998212E-3,
,,,3.50399944E-3,-79.999998212E-3,
,,,3.50799947E-3,-159.99999642E-3,
,,,3.51199950E-3,-79.999998212E-3,
,,,3.51599953E-3,-159.99999642E-3,
,,,3.51999956E-3,-79.999998212E-3,
,,,3.52399959E-3,-79.999998212E-3,
,,,3.52799962E-3,-159.99999642E-3,
,,,3.53199965E-3,-159.99999642E-3,
,,,3.53599945E-3,-79.999998212E-3,
,,,3.53999948E-3,-159.99999642E-3,
,,,3.54399951E-3,-79.999998212E-3,
,,,3.54799954E-3,-79.999998212E-3,
,,,3.55199957E-3,-79.999998212E-3,
,,,3.55599960E-3,-79.999998212E-3,
,,,3.55999963E-3,-79.999998212E-3,
,,,3.56399943E-3,-159.99999642E-3,
,,,3.56799946E-3,-79.999998212E-3,
,,,3.57199949E-3,-79.999998212E-3,
,,,3.57599952E-3,-159.99999642E-3,
,,,3.57999955E-3,-79.999998212E-3,
,,,3.58399958E-3,-79.999998212E-3,
,,,3.58799961E-3,-79.999998212E-3,
,,,3.59199964E-3,-79.999998212E-3,
,,,3.59599944E-3,-79.999998212E-3,
,,,3.59999947E-3,-159.99999642E-3,
,,,3.60399950E-3,-159.99999642E-3,
,,,3.60799953E-3,-159.99999642E-3,
,,,3.61199956E-3,-159.99999642E-3,
,,,3.61599959E-3,-79.999998212E-3,
,,,3.61999962E-3,-79.999998212E-3,
,,,3.62399942E-3,-79.999998212E-3,
,,,3.62799945E-3,-79.999998212E-3,
,,,3.63199948E-3,-79.999998212E-3,
,,,3.63599951E-3,-159.99999642E-3,
,,,3.63999954E-3,-159.99999642E-3,
,,,3.64399957E-3,-79.999998212E-3,
,,,3.64799961E-3,-79.999998212E-3,
,,,3.65199964E-3,-159.99999642E-3,
,,,3.65599943E-3,-79.999998212E-3,
,,,3.65999946E-3,-159.99999642E-3,
,,,3.66399949E-3,-79.999998212E-3,
,,,3.66799952E-3,-79.999998212E-3,
,,,3.67199956E-3,-79.999998212E-3,
,,,3.67599959E-3,-79.999998212E-3,
,,,3.67999962E-3,-159.99999642E-3,
,,,3.68399965E-3,-159.99999642E-3,
,,,3.68799944E-3,-79.999998212E-3,
,,,3.69199947E-3,-79.999998212E-3,
,,,3.69599950E-3,-79.999998212E-3,
,,,3.69999954E-3,-79.999998212E-3,
,,,3.70399957E-3,-159.99999642E-3,
,,,3.70799960E-3,-159.99999642E-3,
,,,3.71199963E-3,-79.999998212E-3,
,,,3.71599942E-3,-159.99999642E-3,
,,,3.71999945E-3,-79.999998212E-3,
,,,3.72399949E-3,-159.99999642E-3,
,,,3.72799952E-3,-159.99999642E-3,
,,,3.73199955E-3,-159.99999642E-3,
,,,3.73599958E-3,-159.99999642E-3,
,,,3.73999961E-3,-159.99999642E-3,
,,,3.74399964E-3,-79.999998212E-3,
,,,3.74799944E-3,-79.999998212E-3,
,,,3.75199947E-3,-159.99999642E-3,
,,,3.75599950E-3,-159.99999642E-3,
,,,3.75999953E-3,-159.99999642E-3,
,,,3.76399956E-3,-159.99999642E-3,
,,,3.76799959E-3,-79.999998212E-3,
,,,3.77199962E-3,-79.999998212E-3,
,,,3.77599965E-3,-159.99999642E-3,
,,,3.77999945E-3,-159.99999642E-3,
,,,3.78399948E-3,-159.99999642E-3,
,,,3.78799951E-3,-79.999998212E-3,
,,,3.79199954E-3,-79.999998212E-3,
,,,3.79599957E-3,-79.999998212E-3,
,,,3.79999960E-3,-79.999998212E-3,
,,,3.80399963E-3,-159.99999642E-3,
,,,3.80799943E-3,-159.99999642E-3,
,,,3.81199946E-3,-159.99999642E-3,
,,,3.81599949E-3,-79.999998212E-3,
,,,3.81999952E-3,-79.999998212E-3,
,,,3.82399955E-3,-79.999998212E-3,
,,,3.82799958E-3,-159.99999642E-3,
,,,3.83199961E-3,-79.999998212E-3,
,,,3.83599964E-3,-159.99999642E-3,
,,,3.83999944E-3,-79.999998212E-3,
,,,3.84399947E-3,-79.999998212E-3,
,,,3.84799950E-3,-79.999998212E-3,
,,,3.85199953E-3,-79.999998212E-3,
,,,3.85599956E-3,-79.999998212E-3,
,,,3.85999959E-3,-159.99999642E-3,
,,,3.86399962E-3,-79.999998212E-3,
,,,3.86799965E-3,-79.999998212E-3,
,,,3.87199945E-3,-79.999998212E-3,
,,,3.87599948E-3,-79.999998212E-3,
,,,3.87999951E-3,-159.99999642E-3,
,,,3.88399954E-3,-159.99999642E-3,
,,,3.88799957E-3,-79.999998212E-3,
,,,3.89199960E-3,-79.999998212E-3,
,,,3.89599963E-3,-79.999998212E-3,
,,,3.89999943E-3,-79.999998212E-3,
,,,3.90399946E-3,-159.99999642E-3,
,,,3.90799949E-3,-159.99999642E-3,
,,,3.91199952E-3,-159.99999642E-3,
,,,3.91599955E-3,-79.999998212E-3,
,,,3.91999958E-3,-79.999998212E-3,
,,,3.92399961E-3,-79.999998212E-3,
,,,3.92799964E-3,-159.99999642E-3,
,,,3.93199967E-3,-159.99999642E-3,
,,,3.93599970E-3,-79.999998212E-3,
,,,3.93999973E-3,-79.999998212E-3,
,,,3.94399976E-3,-79.999998212E-3,
,,,3.94799933E-3,-79.999998212E-3,
,,,3.95199936E-3,-79.999998212E-3,
,,,3.95599939E-3,-159.99999642E-3,
,,,3.95999942E-3,-159.99999642E-3,
,,,3.96399945E-3,-79.999998212E-3,
,,,3.96799948E-3,-79.999998212E-3,
,,,3.97199951E-3,-79.999998212E-3,
,,,3.97599954E-3,-159.99999642E-3,
,,,3.97999957E-3,-159.99999642E-3,
,,,3.98399960E-3,-159.99999642E-3,
,,,3.98799963E-3,-159.99999642E-3,
,,,3.99199966E-3,-79.999998212E-3,
,,,3.99599969E-3,-79.999998212E-3,
,,,3.99999972E-3,-79.999998212E-3,
,,,4.00399975E-3,-159.99999642E-3,
,,,4.00799932E-3,-159.99999642E-3,
,,,4.01199935E-3,-159.99999642E-3,
,,,4.01599938E-3,-79.999998212E-3,
,,,4.01999941E-3,-79.999998212E-3,
,,,4.02399944E-3,-159.99999642E-3,
,,,4.02799947E-3,-159.99999642E-3,
,,,4.03199950E-3,-159.99999642E-3,
,,,4.03599953E-3,-159.99999642E-3,
,,,4.03999956E-3,-79.999998212E-3,
,,,4.04399959E-3,-79.999998212E-3,
,,,4.04799962E-3,-79.999998212E-3,
,,,4.05199965E-3,-79.999998212E-3,
,,,4.05599969E-3,-159.99999642E-3,
,,,4.05999972E-3,-159.99999642E-3,
,,,4.06399975E-3,-79.999998212E-3,
,,,4.06799931E-3,-79.999998212E-3,
,,,4.07199934E-3,-79.999998212E-3,
,,,4.07599937E-3,-79.999998212E-3,
,,,4.07999940E-3,-159.99999642E-3,
,,,4.08399943E-3,-159.99999642E-3,
,,,4.08799946E-3,-79.999998212E-3,
,,,4.09199949E-3,-79.999998212E-3,
,,,4.09599952E-3,-79.999998212E-3,
,,,4.09999955E-3,-79.999998212E-3,
,,,4.10399958E-3,-159.99999642E-3,
,,,4.10799962E-3,-79.999998212E-3,
,,,4.11199965E-3,-79.999998212E-3,
,,,4.11599968E-3,-79.999998212E-3,
,,,4.11999971E-3,-79.999998212E-3,
,,,4.12399974E-3,-79.999998212E-3,
,,,4.12799977E-3,-159.99999642E-3,
,,,4.13199933E-3,-159.99999642E-3,
,,,4.13599936E-3,-159.99999642E-3,
,,,4.13999939E-3,-79.999998212E-3,
,,,4.14399942E-3,-79.999998212E-3,
,,,4.14799945E-3,-79.999998212E-3,
,,,4.15199948E-3,-159.99999642E-3,
,,,4.15599952E-3,-79.999998212E-3,
,,,4.15999955E-3,-79.999998212E-3,
,,,4.16399958E-3,-159.99999642E-3,
,,,4.16799961E-3,-79.999998212E-3,
,,,4.17199964E-3,-159.99999642E-3,
,,,4.17599967E-3,-79.999998212E-3,
,,,4.17999970E-3,-159.99999642E-3,
,,,4.18399973E-3,-159.99999642E-3,
,,,4.18799976E-3,-159.99999642E-3,
,,,4.19199932E-3,-79.999998212E-3,
,,,4.19599935E-3,-79.999998212E-3,
,,,4.19999938E-3,-79.999998212E-3,
,,,4.20399942E-3,-159.99999642E-3,
,,,4.20799945E-3,-159.99999642E-3,
,,,4.21199948E-3,-159.99999642E-3,
,,,4.21599951E-3,-79.999998212E-3,
,,,4.21999954E-3,-159.99999642E-3,
,,,4.22399957E-3,-159.99999642E-3,
,,,4.22799960E-3,-159.99999642E-3,
,,,4.23199963E-3,-159.99999642E-3,
,,,4.23599966E-3,-159.99999642E-3,
,,,4.23999969E-3,-79.999998212E-3,
,,,4.24399972E-3,-79.999998212E-3,
,,,4.24799975E-3,-159.99999642E-3,
,,,4.25199931E-3,-159.99999642E-3,
,,,4.25599935E-3,-159.99999642E-3,
,,,4.25999938E-3,-159.99999642E-3,
,,,4.26399941E-3,-79.999998212E-3,
,,,4.26799944E-3,-159.99999642E-3,
,,,4.27199947E-3,-159.99999642E-3,
,,,4.27599950E-3,-159.99999642E-3,
,,,4.27999953E-3,-159.99999642E-3,
,,,4.28399956E-3,-159.99999642E-3,
,,,4.28799959E-3,-79.999998212E-3,
,,,4.29199962E-3,-159.99999642E-3,
,,,4.29599965E-3,-79.999998212E-3,
,,,4.29999968E-3,-79.999998212E-3,
,,,4.30399971E-3,-79.999998212E-3,
,,,4.30799974E-3,-159.99999642E-3,
,,,4.31199931E-3,-79.999998212E-3,
,,,4.31599934E-3,-159.99999642E-3,
,,,4.31999937E-3,-79.999998212E-3,
,,,4.32399940E-3,-79.999998212E-3,
,,,4.32799943E-3,-159.99999642E-3,
,,,4.33199946E-3,-159.99999642E-3,
,,,4.33599949E-3,-79.999998212E-3,
,,,4.33999952E-3,-159.99999642E-3,
,,,4.34399955E-3,-79.999998212E-3,
,,,4.34799958E-3,-79.999998212E-3,
,,,4.35199961E-3,-159.99999642E-3,
,,,4.35599964E-3,-159.99999642E-3,
,,,4.35999967E-3,-159.99999642E-3,
,,,4.36399970E-3,-159.99999642E-3,
,,,4.36799973E-3,-79.999998212E-3,
,,,4.37199976E-3,-159.99999642E-3,
,,,4.37599933E-3,-79.999998212E-3,
,,,4.37999936E-3,-159.99999642E-3,
,,,4.38399939E-3,-159.99999642E-3,
,,,4.38799942E-3,-159.99999642E-3,
,,,4.39199945E-3,-79.999998212E-3,
,,,4.39599948E-3,-79.999998212E-3,
,,,4.39999951E-3,-79.999998212E-3,
,,,4.40399954E-3,-159.99999642E-3,
,,,4.40799957E-3,-79.999998212E-3,
,,,4.41199960E-3,-159.99999642E-3,
,,,4.41599963E-3,-159.99999642E-3,
,,,4.41999966E-3,-79.999998212E-3,
,,,4.42399969E-3,-79.999998212E-3,
,,,4.42799972E-3,-79.999998212E-3,
,,,4.43199975E-3,-159.99999642E-3,
,,,4.43599932E-3,-159.99999642E-3,
,,,4.43999935E-3,-79.999998212E-3,
,,,4.44399938E-3,-159.99999642E-3,
,,,4.44799941E-3,-159.99999642E-3,
,,,4.45199944E-3,-79.999998212E-3,
,,,4.45599947E-3,-79.999998212E-3,
,,,4.45999950E-3,-79.999998212E-3,
,,,4.46399953E-3,-79.999998212E-3,
,,,4.46799956E-3,-159.99999642E-3,
,,,4.47199959E-3,-79.999998212E-3,
,,,4.47599962E-3,-79.999998212E-3,
,,,4.47999965E-3,-79.999998212E-3,
,,,4.48399968E-3,-159.99999642E-3,
,,,4.48799971E-3,-159.99999642E-3,
,,,4.49199975E-3,-79.999998212E-3,
,,,4.49599931E-3,-79.999998212E-3,
,,,4.49999934E-3,-159.99999642E-3,
,,,4.50399937E-3,-159.99999642E-3,
,,,4.50799940E-3,-159.99999642E-3,
,,,4.51199943E-3,-79.999998212E-3,
,,,4.51599946E-3,-159.99999642E-3,
,,,4.51999949E-3,-79.999998212E-3,
,,,4.52399952E-3,-159.99999642E-3,
,,,4.52799955E-3,-159.99999642E-3,
,,,4.53199958E-3,-159.99999642E-3,
,,,4.53599961E-3,-159.99999642E-3,
,,,4.53999965E-3,-159.99999642E-3,
,,,4.54399968E-3,-79.999998212E-3,
,,,4.54799971E-3,-159.99999642E-3,
,,,4.55199974E-3,-159.99999642E-3,
,,,4.55599977E-3,-159.99999642E-3,
,,,4.55999933E-3,-159.99999642E-3,
,,,4.56399936E-3,-159.99999642E-3,
,,,4.56799939E-3,-159.99999642E-3,
,,,4.57199942E-3,-79.999998212E-3,
,,,4.57599945E-3,-79.999998212E-3,
,,,4.57999948E-3,-159.99999642E-3,
,,,4.58399951E-3,-159.99999642E-3,
,,,4.58799955E-3,-159.99999642E-3,
,,,4.59199958E-3,-79.999998212E-3,
,,,4.59599961E-3,-159.99999642E-3,
,,,4.59999964E-3,-79.999998212E-3,
,,,4.60399967E-3,-159.99999642E-3,
,,,4.60799970E-3,-159.99999642E-3,
,,,4.61199973E-3,-79.999998212E-3,
,,,4.61599976E-3,-159.99999642E-3,
,,,4.61999932E-3,-159.99999642E-3,
,,,4.62399935E-3,-79.999998212E-3,
,,,4.62799938E-3,-159.99999642E-3,
,,,4.63199941E-3,-159.99999642E-3,
,,,4.63599944E-3,-79.999998212E-3,
,,,4.63999948E-3,-79.999998212E-3,
,,,4.64399951E-3,-159.99999642E-3,
,,,4.64799954E-3,-79.999998212E-3,
,,,4.65199957E-3,-79.999998212E-3,
,,,4.65599960E-3,-159.99999642E-3,
,,,4.65999963E-3,-159.99999642E-3,
,,,4.66399966E-3,-159.99999642E-3,
,,,4.66799969E-3,-159.99999642E-3,
,,,4.67199972E-3,-79.999998212E-3,
,,,4.67599975E-3,-79.999998212E-3,
,,,4.67999931E-3,-159.99999642E-3,
,,,4.68399934E-3,-159.99999642E-3,
,,,4.68799938E-3,-159.99999642E-3,
,,,4.69199941E-3,-159.99999642E-3,
,,,4.69599944E-3,-159.99999642E-3,
,,,4.69999947E-3,-159.99999642E-3,
,,,4.70399950E-3,-79.999998212E-3,
,,,4.70799953E-3,-79.999998212E-3,
,,,4.71199956E-3,-159.99999642E-3,
,,,4.71599959E-3,-159.99999642E-3,
,,,4.71999962E-3,-79.999998212E-3,
,,,4.72399965E-3,-79.999998212E-3,
,,,4.72799968E-3,-79.999998212E-3,
,,,4.73199971E-3,-79.999998212E-3,
,,,4.73599974E-3,-79.999998212E-3,
,,,4.73999931E-3,-159.99999642E-3,
,,,4.74399934E-3,-79.999998212E-3,
,,,4.74799937E-3,-79.999998212E-3,
,,,4.75199940E-3,-79.999998212E-3,
,,,4.75599943E-3,-79.999998212E-3,
,,,4.75999946E-3,-159.99999642E-3,
,,,4.76399949E-3,-159.99999642E-3,
,,,4.76799952E-3,-79.999998212E-3,
,,,4.77199955E-3,-159.99999642E-3,
,,,4.77599958E-3,-79.999998212E-3,
,,,4.77999961E-3,-79.999998212E-3,
,,,4.78399964E-3,-159.99999642E-3,
,,,4.78799967E-3,-159.99999642E-3,
,,,4.79199970E-3,-159.99999642E-3,
,,,4.79599973E-3,-159.99999642E-3,
,,,4.79999976E-3,-79.999998212E-3,
,,,4.80399933E-3,-79.999998212E-3,
,,,4.80799936E-3,-159.99999642E-3,
,,,4.81199939E-3,-159.99999642E-3,
,,,4.81599942E-3,-159.99999642E-3,
,,,4.81999945E-3,-159.99999642E-3,
,,,4.82399948E-3,-79.999998212E-3,
,,,4.82799951E-3,-79.999998212E-3,
,,,4.83199954E-3,-159.99999642E-3,
,,,4.83599957E-3,-159.99999642E-3,
,,,4.83999960E-3,-79.999998212E-3,
,,,4.84399963E-3,-79.999998212E-3,
,,,4.84799966E-3,-79.999998212E-3,
,,,4.85199969E-3,-79.999998212E-3,
,,,4.85599972E-3,-79.999998212E-3,
,,,4.85999975E-3,-79.999998212E-3,
,,,4.86399932E-3,-159.99999642E-3,
,,,4.86799935E-3,-79.999998212E-3,
,,,4.87199938E-3,-79.999998212E-3,
,,,4.87599941E-3,-79.999998212E-3,
,,,4.87999944E-3,-159.99999642E-3,
,,,4.88399947E-3,-79.999998212E-3,
,,,4.88799950E-3,-159.99999642E-3,
,,,4.89199953E-3,-159.99999642E-3,
,,,4.89599956E-3,-79.999998212E-3,
,,,4.89999959E-3,-159.99999642E-3,
,,,4.90399962E-3,-159.99999642E-3,
,,,4.90799965E-3,-79.999998212E-3,
,,,4.91199968E-3,-159.99999642E-3,
,,,4.91599971E-3,-159.99999642E-3,
,,,4.91999974E-3,-159.99999642E-3,
,,,4.92399931E-3,-79.999998212E-3,
,,,4.92799934E-3,-79.999998212E-3,
,,,4.93199937E-3,-79.999998212E-3,
,,,4.93599940E-3,-79.999998212E-3,
,,,4.93999943E-3,-159.99999642E-3,
,,,4.94399946E-3,-159.99999642E-3,
,,,4.94799949E-3,-159.99999642E-3,
,,,4.95199952E-3,-79.999998212E-3,
,,,4.95599955E-3,-79.999998212E-3,
,,,4.95999958E-3,-79.999998212E-3,
,,,4.96399961E-3,-159.99999642E-3,
,,,4.96799964E-3,-159.99999642E-3,
,,,4.97199968E-3,-159.99999642E-3,
,,,4.97599971E-3,-79.999998212E-3,
,,,4.97999974E-3,-79.999998212E-3,
,,,4.98399977E-3,-159.99999642E-3,
,,,4.98799933E-3,-159.99999642E-3,
,,,4.99199936E-3,-79.999998212E-3,
,,,4.99599939E-3,-159.99999642E-3,
,,,4.99999942E-3,-79.999998212E-3,
,,,5.00399945E-3,-159.99999642E-3,
,,,5.00799948E-3,-79.999998212E-3,
,,,5.01199951E-3,-79.999998212E-3,
,,,5.01599954E-3,-159.99999642E-3,
,,,5.01999957E-3,-79.999998212E-3,
,,,5.02399961E-3,-79.999998212E-3,
,,,5.02799964E-3,-159.99999642E-3,
,,,5.03199967E-3,-79.999998212E-3,
,,,5.03599970E-3,-79.999998212E-3,
,,,5.03999973E-3,-79.999998212E-3,
,,,5.04399976E-3,-159.99999642E-3,
,,,5.04799932E-3,-79.999998212E-3,
,,,5.05199935E-3,-79.999998212E-3,
,,,5.05599938E-3,-79.999998212E-3,
,,,5.05999941E-3,-79.999998212E-3,
,,,5.06399944E-3,-159.99999642E-3,
,,,5.06799947E-3,-159.99999642E-3,
,,,5.07199951E-3,-159.99999642E-3,
,,,5.07599954E-3,-159.99999642E-3,
,,,5.07999957E-3,-79.999998212E-3,
,,,5.08399960E-3,-79.999998212E-3,
,,,5.08799963E-3,-79.999998212E-3,
,,,5.09199966E-3,-159.99999642E-3,
,,,5.09599969E-3,-159.99999642E-3,
,,,5.09999972E-3,-159.99999642E-3,
,,,5.10399975E-3,-79.999998212E-3,
,,,5.10799931E-3,-159.99999642E-3,
,,,5.11199934E-3,-79.999998212E-3,
,,,5.11599937E-3,-79.999998212E-3,
,,,5.11999940E-3,-79.999998212E-3,
,,,5.12399944E-3,-159.99999642E-3,
,,,5.12799947E-3,-159.99999642E-3,
,,,5.13199950E-3,-159.99999642E-3,
,,,5.13599953E-3,-159.99999642E-3,
,,,5.13999956E-3,-159.99999642E-3,
,,,5.14399959E-3,-159.99999642E-3,
,,,5.14799962E-3,-159.99999642E-3,
,,,5.15199965E-3,-79.999998212E-3,
,,,5.15599968E-3,-159.99999642E-3,
,,,5.15999971E-3,-159.99999642E-3,
,,,5.16399974E-3,-159.99999642E-3,
,,,5.16799930E-3,-159.99999642E-3,
,,,5.17199934E-3,-159.99999642E-3,
,,,5.17599937E-3,-159.99999642E-3,
,,,5.17999940E-3,-159.99999642E-3,
,,,5.18399943E-3,-79.999998212E-3,
,,,5.18799946E-3,-79.999998212E-3,
,,,5.19199949E-3,-159.99999642E-3,
,,,5.19599952E-3,-159.99999642E-3,
,,,5.19999955E-3,-159.99999642E-3,
,,,5.20399958E-3,-159.99999642E-3,
,,,5.20799961E-3,-79.999998212E-3,
,,,5.21199964E-3,-159.99999642E-3,
,,,5.21599967E-3,-159.99999642E-3,
,,,5.21999970E-3,-159.99999642E-3,
,,,5.22399973E-3,-159.99999642E-3,
,,,5.22799976E-3,-159.99999642E-3,
,,,5.23199933E-3,-79.999998212E-3,
,,,5.23599936E-3,-159.99999642E-3,
,,,5.23999939E-3,-79.999998212E-3,
,,,5.24399942E-3,-159.99999642E-3,
,,,5.24799945E-3,-79.999998212E-3,
,,,5.25199948E-3,-159.99999642E-3,
,,,5.25599951E-3,-159.99999642E-3,
,,,5.25999954E-3,-79.999998212E-3,
,,,5.26399957E-3,-159.99999642E-3,
,,,5.26799960E-3,-159.99999642E-3,
,,,5.27199963E-3,-79.999998212E-3,
,,,5.27599966E-3,-159.99999642E-3,
,,,5.27999969E-3,-79.999998212E-3,
,,,5.28399972E-3,-79.999998212E-3,
,,,5.28799975E-3,-159.99999642E-3,
,,,5.29199932E-3,-159.99999642E-3,
,,,5.29599935E-3,-79.999998212E-3,
,,,5.29999938E-3,-159.99999642E-3,
,,,5.30399941E-3,-79.999998212E-3,
,,,5.30799944E-3,-159.99999642E-3,
,,,5.31199947E-3,-159.99999642E-3,
,,,5.31599950E-3,-159.99999642E-3,
,,,5.31999953E-3,-159.99999642E-3,
,,,5.32399956E-3,-159.99999642E-3,
,,,5.32799959E-3,-79.999998212E-3,
,,,5.33199962E-3,-159.99999642E-3,
,,,5.33599965E-3,-79.999998212E-3,
,,,5.33999968E-3,-159.99999642E-3,
,,,5.34399971E-3,-159.99999642E-3,
,,,5.34799974E-3,-159.99999642E-3,
,,,5.35199931E-3,-159.99999642E-3,
,,,5.35599934E-3,-79.999998212E-3,
,,,5.35999937E-3,-79.999998212E-3,
,,,5.36399940E-3,-159.99999642E-3,
,,,5.36799943E-3,-159.99999642E-3,
,,,5.37199946E-3,-79.999998212E-3,
,,,5.37599949E-3,-79.999998212E-3,
,,,5.37999952E-3,-159.99999642E-3,
,,,5.38399955E-3,-79.999998212E-3,
,,,5.38799958E-3,-159.99999642E-3,
,,,5.39199961E-3,-159.99999642E-3,
,,,5.39599964E-3,-79.999998212E-3,
,,,5.39999967E-3,-159.99999642E-3,
,,,5.40399970E-3,-159.99999642E-3,
,,,5.40799974E-3,-79.999998212E-3,
,,,5.41199977E-3,-79.999998212E-3,
,,,5.41599933E-3,-159.99999642E-3,
,,,5.41999936E-3,-159.99999642E-3,
,,,5.42399939E-3,-159.99999642E-3,
,,,5.42799942E-3,-159.99999642E-3,
,,,5.43199945E-3,-159.99999642E-3,
,,,5.43599948E-3,-79.999998212E-3,
,,,5.43999951E-3,-79.999998212E-3,
,,,5.44399954E-3,-79.999998212E-3,
,,,5.44799957E-3,-159.99999642E-3,
,,,5.45199960E-3,-79.999998212E-3,
,,,5.45599964E-3,-159.99999642E-3,
,,,5.45999967E-3,-159.99999642E-3,
,,,5.46399970E-3,-79.999998212E-3,
,,,5.46799973E-3,-79.999998212E-3,
,,,5.47199976E-3,-159.99999642E-3,
,,,5.47599932E-3,-159.99999642E-3,
,,,5.47999935E-3,-79.999998212E-3,
,,,5.48399938E-3,-79.999998212E-3,
,,,5.48799941E-3,-79.999998212E-3,
,,,5.49199944E-3,-79.999998212E-3,
,,,5.49599947E-3,-79.999998212E-3,
,,,5.49999950E-3,-159.99999642E-3,
,,,5.50399953E-3,-79.999998212E-3,
,,,5.50799957E-3,-159.99999642E-3,
,,,5.51199960E-3,-79.999998212E-3,
,,,5.51599963E-3,-79.999998212E-3,
,,,5.51999966E-3,-159.99999642E-3,
,,,5.52399969E-3,-159.99999642E-3,
,,,5.52799972E-3,-79.999998212E-3,
,,,5.53199975E-3,-159.99999642E-3,
,,,5.53599931E-3,-79.999998212E-3,
,,,5.53999934E-3,-159.99999642E-3,
,,,5.54399937E-3,-159.99999642E-3,
,,,5.54799940E-3,-159.99999642E-3,
,,,5.55199943E-3,-159.99999642E-3,
,,,5.55599947E-3,-159.99999642E-3,
,,,5.55999950E-3,-79.999998212E-3,
,,,5.56399953E-3,-79.999998212E-3,
,,,5.56799956E-3,-79.999998212E-3,
,,,5.57199959E-3,-159.99999642E-3,
,,,5.57599962E-3,-79.999998212E-3,
,,,5.57999965E-3,-159.99999642E-3,
,,,5.58399968E-3,-159.99999642E-3,
,,,5.58799971E-3,-159.99999642E-3,
,,,5.59199974E-3,-159.99999642E-3,
,,,5.59599930E-3,-79.999998212E-3,
