Record Length,2500,Points,474.999978906E-6,600.000023842E-3,
Sample Interval,100.0000012E-9,s,475.099979667E-6,800.000011921E-3,
Trigger Point,-4.74999996E3,Samples,475.199980428E-6,800.000011921E-3,
,,,475.299981190E-6,1.2000000,
,,,475.399981951E-6,1.000000,
,,,475.499982713E-6,1.2000000,
Source,CH1,,475.599983474E-6,1.2000000,
Vertical Units,Volts,,475.699984236E-6,1.6000000,
Vertical Scale,5.00000007,,475.799984997E-6,1.6000000,
Vertical Offset,0,,475.899985759E-6,1.6000000,
Horizontal Units,s,,475.999986520E-6,1.8000001,
Horizontal Scale,25.00000029E-6,,476.099987281E-6,2.0000000,
Pt Fmt,Y,,476.199988043E-6,1.8000001,
Yzero,280.00000000E-3,,476.299988804E-6,2.0000000,
Probe Atten,10.0000000,,476.399989566E-6,2.0000000,
,,,476.499990327E-6,2.4000001,
Note,TBS 1052B-EDU - 16:26:10   2025-11-20,,476.599991089E-6,2.2000000,
,,,476.699991850E-6,2.4000001,
,,,476.799992612E-6,2.4000001,
,,,476.899993373E-6,3.00000000,
,,,476.999965031E-6,3.00000000,
,,,477.099965792E-6,2.79999995,
,,,477.199966554E-6,3.00000000,
,,,477.299967315E-6,2.79999995,
,,,477.399968076E-6,3.00000000,
,,,477.499968838E-6,3.40000010,
,,,477.599969599E-6,3.20000005,
,,,477.699970361E-6,3.40000010,
,,,477.799971122E-6,3.40000010,
,,,477.899971884E-6,3.40000010,
,,,477.999972645E-6,3.20000005,
,,,478.099973407E-6,3.60000014,
,,,478.199974168E-6,3.60000014,
,,,478.299974930E-6,4.00000000,
,,,478.399975691E-6,3.79999995,
,,,478.499976452E-6,4.40000010,
,,,478.599977214E-6,4.20000029,
,,,478.699977975E-6,3.79999995,
,,,478.799978737E-6,4.00000000,
,,,478.899979498E-6,4.20000029,
,,,478.999980260E-6,4.20000029,
,,,479.099981021E-6,4.40000010,
,,,479.199981783E-6,4.20000029,
,,,479.299982544E-6,4.00000000,
,,,479.399983305E-6,4.20000029,
,,,479.499984067E-6,4.40000010,
,,,479.599984828E-6,4.40000010,
,,,479.699985590E-6,4.59999990,
,,,479.799986351E-6,4.59999990,
,,,479.899987113E-6,4.40000010,
,,,479.999987874E-6,4.40000010,
,,,480.099988636E-6,4.59999990,
,,,480.199989397E-6,4.20000029,
,,,480.299990159E-6,4.59999990,
,,,480.399990920E-6,4.40000010,
,,,480.499991681E-6,4.59999990,
,,,480.599992443E-6,4.40000010,
,,,480.699993204E-6,4.40000010,
,,,480.799964862E-6,4.40000010,
,,,480.899965623E-6,4.59999990,
,,,480.999966385E-6,4.40000010,
,,,481.099967146E-6,4.59999990,
,,,481.199967908E-6,4.40000010,
,,,481.299968669E-6,4.20000029,
,,,481.399969431E-6,4.40000010,
,,,481.499970192E-6,4.40000010,
,,,481.599970954E-6,4.59999990,
,,,481.699971715E-6,4.40000010,
,,,481.799972476E-6,4.20000029,
,,,481.899973238E-6,4.20000029,
,,,481.999973999E-6,4.00000000,
,,,482.099974761E-6,4.00000000,
,,,482.199975522E-6,4.20000029,
,,,482.299976284E-6,4.20000029,
,,,482.399977045E-6,3.79999995,
,,,482.499977807E-6,4.00000000,
,,,482.599978568E-6,3.79999995,
,,,482.699979329E-6,3.79999995,
,,,482.799980091E-6,3.79999995,
,,,482.899980852E-6,3.60000014,
,,,482.999981614E-6,3.40000010,
,,,483.099982375E-6,3.60000014,
,,,483.199983137E-6,3.40000010,
,,,483.299983898E-6,3.40000010,
,,,483.399984660E-6,3.60000014,
,,,483.499985421E-6,3.00000000,
,,,483.599986183E-6,3.20000005,
,,,483.699986944E-6,3.20000005,
,,,483.799987705E-6,3.20000005,
,,,483.899988467E-6,2.79999995,
,,,483.999989228E-6,2.79999995,
,,,484.099989990E-6,2.4000001,
,,,484.199990751E-6,2.6000001,
,,,484.299991513E-6,2.4000001,
,,,484.399992274E-6,2.6000001,
,,,484.499993036E-6,2.2000000,
,,,484.599964693E-6,2.2000000,
,,,484.699965455E-6,2.0000000,
,,,484.799966216E-6,2.2000000,
,,,484.899966978E-6,1.8000001,
,,,484.999967739E-6,1.8000001,
,,,485.099968500E-6,1.4000000,
,,,485.199969262E-6,1.6000000,
,,,485.299970023E-6,1.4000000,
,,,485.399970785E-6,1.4000000,
,,,485.499971546E-6,1.2000000,
,,,485.599972308E-6,1.2000000,
,,,485.699973069E-6,1.000000,
,,,485.799973831E-6,800.000011921E-3,
,,,485.899974592E-6,800.000011921E-3,
,,,485.999975353E-6,600.000023842E-3,
,,,486.099976115E-6,400.00000596E-3,
,,,486.199976876E-6,400.00000596E-3,
,,,486.299977638E-6,200.00000298E-3,
,,,486.399978399E-6,400.00000596E-3,
,,,486.499979161E-6,-200.00000298E-3,
,,,486.599979922E-6,-200.00000298E-3,
,,,486.699980684E-6,-200.00000298E-3,
,,,486.799981445E-6,-200.00000298E-3,
,,,486.899982207E-6,-400.00000596E-3,
,,,486.999982968E-6,-600.000023842E-3,
,,,487.099983729E-6,-1.000000,
,,,487.199984491E-6,-1.000000,
,,,487.299985252E-6,-1.000000,
,,,487.399986014E-6,-1.2000000,
,,,487.499986775E-6,-1.4000000,
,,,487.599987537E-6,-1.2000000,
,,,487.699988298E-6,-1.2000000,
,,,487.799989060E-6,-1.6000000,
,,,487.899989821E-6,-1.8000001,
,,,487.999990582E-6,-2.0000000,
,,,488.099991344E-6,-1.8000001,
,,,488.199992105E-6,-2.0000000,
,,,488.299992867E-6,-2.0000000,
,,,488.399993628E-6,-2.0000000,
,,,488.499994390E-6,-2.4000001,
,,,488.599995151E-6,-2.4000001,
,,,488.699995913E-6,-2.4000001,
,,,488.799996674E-6,-2.6000001,
,,,488.899997436E-6,-2.6000001,
,,,488.999998197E-6,-2.79999995,
,,,489.099998958E-6,-2.79999995,
,,,489.199999720E-6,-3.00000000,
,,,489.300000481E-6,-3.40000010,
,,,489.400001243E-6,-3.20000005,
,,,489.500002004E-6,-3.20000005,
,,,489.600002766E-6,-3.20000005,
,,,489.700003527E-6,-3.60000014,
,,,489.800004289E-6,-3.60000014,
,,,489.900005050E-6,-3.79999995,
,,,490.000005811E-6,-3.60000014,
,,,490.100006573E-6,-4.00000000,
,,,490.200007334E-6,-4.00000000,
,,,490.300008096E-6,-4.00000000,
,,,490.399950650E-6,-4.00000000,
,,,490.499951411E-6,-4.20000029,
,,,490.599952172E-6,-4.20000029,
,,,490.699952934E-6,-4.20000029,
,,,490.799953695E-6,-4.40000010,
,,,490.899954457E-6,-4.59999990,
,,,490.999955218E-6,-4.40000010,
,,,491.099955980E-6,-4.80000019,
,,,491.199956741E-6,-4.80000019,
,,,491.299957503E-6,-4.59999990,
,,,491.399958264E-6,-4.80000019,
,,,491.499959026E-6,-4.59999990,
,,,491.599959787E-6,-5.00000000,
,,,491.699960548E-6,-5.00000000,
,,,491.799961310E-6,-4.80000019,
,,,491.899962071E-6,-5.00000000,
,,,491.999962833E-6,-5.00000000,
,,,492.099963594E-6,-5.00000000,
,,,492.199964356E-6,-5.00000000,
,,,492.299965117E-6,-5.20000029,
,,,492.399965879E-6,-5.20000029,
,,,492.499966640E-6,-5.00000000,
,,,492.599967401E-6,-5.20000029,
,,,492.699968163E-6,-5.20000029,
,,,492.799968924E-6,-5.00000000,
,,,492.899969686E-6,-5.40000010,
,,,492.999970447E-6,-5.20000029,
,,,493.099971209E-6,-5.00000000,
,,,493.199971970E-6,-5.20000029,
,,,493.299972732E-6,-5.00000000,
,,,493.399973493E-6,-5.00000000,
,,,493.499974255E-6,-5.40000010,
,,,493.599975016E-6,-5.00000000,
,,,493.699975777E-6,-5.00000000,
,,,493.799976539E-6,-5.00000000,
,,,493.899977300E-6,-4.80000019,
,,,493.999978062E-6,-5.20000029,
,,,494.099978823E-6,-5.00000000,
,,,494.199979585E-6,-5.00000000,
,,,494.299980346E-6,-4.80000019,
,,,494.399981108E-6,-5.00000000,
,,,494.499981869E-6,-4.80000019,
,,,494.599982630E-6,-4.80000019,
,,,494.699983392E-6,-5.00000000,
,,,494.799984153E-6,-4.80000019,
,,,494.899984915E-6,-4.80000019,
,,,494.999985676E-6,-5.00000000,
,,,495.099986438E-6,-4.40000010,
,,,495.199987199E-6,-4.40000010,
,,,495.299987961E-6,-4.59999990,
,,,495.399988722E-6,-4.40000010,
,,,495.499989484E-6,-4.20000029,
,,,495.599990245E-6,-4.20000029,
,,,495.699991006E-6,-4.20000029,
,,,495.799991768E-6,-4.20000029,
,,,495.899992529E-6,-4.00000000,
,,,495.999993291E-6,-4.00000000,
,,,496.099994052E-6,-3.79999995,
,,,496.199994814E-6,-3.79999995,
,,,496.299995575E-6,-3.60000014,
,,,496.399996337E-6,-3.60000014,
,,,496.499997098E-6,-3.20000005,
,,,496.599997859E-6,-3.40000010,
,,,496.699998621E-6,-3.20000005,
,,,496.799999382E-6,-3.40000010,
,,,496.900000144E-6,-3.20000005,
,,,497.000000905E-6,-3.00000000,
,,,497.100001667E-6,-3.00000000,
,,,497.200002428E-6,-2.79999995,
,,,497.300003190E-6,-2.79999995,
,,,497.400003951E-6,-2.79999995,
,,,497.500004712E-6,-2.4000001,
,,,497.600005474E-6,-2.2000000,
,,,497.700006235E-6,-2.2000000,
,,,497.800006997E-6,-2.2000000,
,,,497.900007758E-6,-2.0000000,
,,,497.999950312E-6,-2.0000000,
,,,498.099951074E-6,-1.8000001,
,,,498.199951835E-6,-1.6000000,
,,,498.299952596E-6,-1.4000000,
,,,498.399953358E-6,-1.4000000,
,,,498.499954119E-6,-1.4000000,
,,,498.599954881E-6,-1.4000000,
,,,498.699955642E-6,-1.000000,
,,,498.799956404E-6,-1.2000000,
,,,498.899957165E-6,-800.000011921E-3,
,,,498.999957927E-6,-1.000000,
,,,499.099958688E-6,-400.00000596E-3,
,,,499.199959449E-6,-400.00000596E-3,
,,,499.299960211E-6,-200.00000298E-3,
,,,499.399960972E-6,-400.00000596E-3,
,,,499.499961734E-6,0.0,
,,,499.599962495E-6,0.0,
,,,499.699963257E-6,400.00000596E-3,
,,,499.799964018E-6,200.00000298E-3,
,,,499.899964780E-6,400.00000596E-3,
,,,499.999965541E-6,400.00000596E-3,
,,,500.099966303E-6,600.000023842E-3,
,,,500.199967064E-6,600.000023842E-3,
,,,500.299967825E-6,800.000011921E-3,
,,,500.399968587E-6,600.000023842E-3,
,,,500.499969348E-6,1.000000,
,,,500.599970110E-6,1.4000000,
,,,500.699970871E-6,1.2000000,
,,,500.799971633E-6,1.4000000,
,,,500.899972394E-6,1.6000000,
,,,500.999973156E-6,1.6000000,
,,,501.099973917E-6,1.8000001,
,,,501.199974678E-6,1.8000001,
,,,501.299975440E-6,2.0000000,
,,,501.399976201E-6,1.8000001,
,,,501.499976963E-6,2.4000001,
,,,501.599977724E-6,2.4000001,
,,,501.699978486E-6,2.6000001,
,,,501.799979247E-6,2.6000001,
,,,501.899980009E-6,2.4000001,
,,,501.999980770E-6,2.79999995,
,,,502.099981532E-6,2.79999995,
,,,502.199982293E-6,2.79999995,
,,,502.299983054E-6,3.00000000,
,,,502.399983816E-6,3.20000005,
,,,502.499984577E-6,3.40000010,
,,,502.599985339E-6,3.20000005,
,,,502.699986100E-6,3.20000005,
,,,502.799986862E-6,3.20000005,
,,,502.899987623E-6,3.40000010,
,,,502.999988385E-6,3.40000010,
,,,503.099989146E-6,3.60000014,
,,,503.199989907E-6,3.79999995,
,,,503.299990669E-6,3.79999995,
,,,503.399991430E-6,3.79999995,
,,,503.499992192E-6,3.79999995,
,,,503.599992953E-6,3.79999995,
,,,503.699993715E-6,4.20000029,
,,,503.799994476E-6,4.00000000,
,,,503.899995238E-6,4.20000029,
,,,503.999995999E-6,4.20000029,
,,,504.099996760E-6,4.20000029,
,,,504.199997522E-6,4.20000029,
,,,504.299998283E-6,4.40000010,
,,,504.399999045E-6,4.40000010,
,,,504.499999806E-6,4.59999990,
,,,504.600000568E-6,4.20000029,
,,,504.700001329E-6,4.59999990,
,,,504.800002091E-6,4.59999990,
,,,504.900002852E-6,4.40000010,
,,,505.000003614E-6,4.80000019,
,,,505.100004375E-6,4.40000010,
,,,505.200005136E-6,4.59999990,
,,,505.300005898E-6,4.59999990,
,,,505.400006659E-6,4.80000019,
,,,505.500007421E-6,4.80000019,
,,,505.600008182E-6,4.59999990,
,,,505.699950736E-6,4.40000010,
,,,505.799951497E-6,4.40000010,
,,,505.899952259E-6,4.40000010,
,,,505.999953020E-6,4.40000010,
,,,506.099953782E-6,4.59999990,
,,,506.199954543E-6,4.59999990,
,,,506.299955305E-6,4.59999990,
,,,506.399956066E-6,4.40000010,
,,,506.499956828E-6,4.59999990,
,,,506.599957589E-6,4.40000010,
,,,506.699958351E-6,4.80000019,
,,,506.799959112E-6,4.59999990,
,,,506.899959873E-6,4.20000029,
,,,506.999960635E-6,4.20000029,
,,,507.099961396E-6,4.20000029,
,,,507.199962158E-6,4.00000000,
,,,507.299962919E-6,4.20000029,
,,,507.399963681E-6,4.20000029,
,,,507.499964442E-6,4.20000029,
,,,507.599965204E-6,3.60000014,
,,,507.699965965E-6,3.79999995,
,,,507.799966726E-6,3.79999995,
,,,507.899967488E-6,4.00000000,
,,,507.999968249E-6,4.20000029,
,,,508.099969011E-6,3.79999995,
,,,508.199969772E-6,3.60000014,
,,,508.299970534E-6,3.40000010,
,,,508.399971295E-6,3.40000010,
,,,508.499972057E-6,3.40000010,
,,,508.599972818E-6,3.20000005,
,,,508.699973579E-6,3.40000010,
,,,508.799974341E-6,3.00000000,
,,,508.899975102E-6,3.00000000,
,,,508.999975864E-6,3.20000005,
,,,509.099976625E-6,2.79999995,
,,,509.199977387E-6,2.79999995,
,,,509.299978148E-6,2.4000001,
,,,509.399978910E-6,2.6000001,
,,,509.499979671E-6,2.4000001,
,,,509.599980433E-6,2.4000001,
,,,509.699981194E-6,2.0000000,
,,,509.799981955E-6,2.0000000,
,,,509.899982717E-6,2.0000000,
,,,509.999983478E-6,2.0000000,
,,,510.099984240E-6,1.8000001,
,,,510.199985001E-6,1.8000001,
,,,510.299985763E-6,1.8000001,
,,,510.399986524E-6,1.4000000,
,,,510.499987286E-6,1.4000000,
,,,510.599988047E-6,1.2000000,
,,,510.699988808E-6,1.000000,
,,,510.799989570E-6,1.4000000,
,,,510.899990331E-6,800.000011921E-3,
,,,510.999991093E-6,800.000011921E-3,
,,,511.099991854E-6,600.000023842E-3,
,,,511.199992616E-6,400.00000596E-3,
,,,511.299993377E-6,400.00000596E-3,
,,,511.399994139E-6,400.00000596E-3,
,,,511.499994900E-6,200.00000298E-3,
,,,511.599995662E-6,0.0,
,,,511.699996423E-6,0.0,
,,,511.799997184E-6,-200.00000298E-3,
,,,511.899997946E-6,-400.00000596E-3,
,,,511.999998707E-6,-200.00000298E-3,
,,,512.099999469E-6,-600.000023842E-3,
,,,512.200000230E-6,-600.000023842E-3,
,,,512.300000992E-6,-800.000011921E-3,
,,,512.400001753E-6,-800.000011921E-3,
,,,512.500002515E-6,-1.000000,
,,,512.600003276E-6,-1.2000000,
,,,512.700004037E-6,-1.2000000,
,,,512.800004799E-6,-1.2000000,
,,,512.900005560E-6,-1.8000001,
,,,513.000006322E-6,-1.8000001,
,,,513.100007083E-6,-1.6000000,
,,,513.200007845E-6,-2.0000000,
,,,513.299950399E-6,-1.8000001,
,,,513.399951160E-6,-2.0000000,
,,,513.499951921E-6,-2.0000000,
,,,513.599952683E-6,-2.2000000,
,,,513.699953444E-6,-2.2000000,
,,,513.799954206E-6,-2.6000001,
,,,513.899954967E-6,-2.79999995,
,,,513.999955729E-6,-2.79999995,
,,,514.099956490E-6,-2.79999995,
,,,514.199957252E-6,-3.00000000,
,,,514.299958013E-6,-3.20000005,
,,,514.399958774E-6,-3.00000000,
,,,514.499959536E-6,-3.20000005,
,,,514.599960297E-6,-3.40000010,
,,,514.699961059E-6,-3.79999995,
,,,514.799961820E-6,-3.60000014,
,,,514.899962582E-6,-3.60000014,
,,,514.999963343E-6,-3.79999995,
,,,515.099964105E-6,-3.60000014,
,,,515.199964866E-6,-4.00000000,
,,,515.299965627E-6,-4.00000000,
,,,515.399966389E-6,-4.00000000,
,,,515.499967150E-6,-4.00000000,
,,,515.599967912E-6,-4.20000029,
,,,515.699968673E-6,-4.40000010,
,,,515.799969435E-6,-4.20000029,
,,,515.899970196E-6,-4.40000010,
,,,515.999970958E-6,-4.59999990,
,,,516.099971719E-6,-4.40000010,
,,,516.199972481E-6,-4.59999990,
,,,516.299973242E-6,-4.59999990,
,,,516.399974003E-6,-4.40000010,
,,,516.499974765E-6,-5.00000000,
,,,516.599975526E-6,-5.00000000,
,,,516.699976288E-6,-4.80000019,
,,,516.799977049E-6,-5.00000000,
,,,516.899977811E-6,-5.00000000,
,,,516.999978572E-6,-5.00000000,
,,,517.099979334E-6,-5.00000000,
,,,517.199980095E-6,-5.20000029,
,,,517.299980856E-6,-4.80000019,
,,,517.399981618E-6,-5.20000029,
,,,517.499982379E-6,-5.40000010,
,,,517.599983141E-6,-5.20000029,
,,,517.699983902E-6,-5.20000029,
,,,517.799984664E-6,-5.20000029,
,,,517.899985425E-6,-5.00000000,
,,,517.999986187E-6,-5.00000000,
,,,518.099986948E-6,-5.20000029,
,,,518.199987710E-6,-5.00000000,
,,,518.299988471E-6,-5.20000029,
,,,518.399989232E-6,-5.20000029,
,,,518.499989994E-6,-5.20000029,
,,,518.599990755E-6,-5.20000029,
,,,518.699991517E-6,-5.00000000,
,,,518.799992278E-6,-5.20000029,
,,,518.899993040E-6,-5.00000000,
,,,518.999993801E-6,-5.40000010,
,,,519.099994563E-6,-5.20000029,
,,,519.199995324E-6,-5.00000000,
,,,519.299996085E-6,-5.20000029,
,,,519.399996847E-6,-5.20000029,
,,,519.499997608E-6,-4.80000019,
,,,519.599998370E-6,-5.20000029,
,,,519.699999131E-6,-4.80000019,
,,,519.799999893E-6,-4.80000019,
,,,519.900000654E-6,-5.00000000,
,,,520.000001416E-6,-4.80000019,
,,,520.100002177E-6,-4.80000019,
,,,520.200002939E-6,-4.59999990,
,,,520.300003700E-6,-4.40000010,
,,,520.400004461E-6,-4.59999990,
,,,520.500005223E-6,-4.80000019,
,,,520.600005984E-6,-4.40000010,
,,,520.700006746E-6,-4.20000029,
,,,520.800007507E-6,-4.00000000,
,,,520.900008269E-6,-4.00000000,
,,,520.999950822E-6,-4.00000000,
,,,521.099951584E-6,-4.20000029,
,,,521.199952345E-6,-4.00000000,
,,,521.299953107E-6,-3.60000014,
,,,521.399953868E-6,-3.60000014,
,,,521.499954630E-6,-3.40000010,
,,,521.599955391E-6,-3.60000014,
,,,521.699956153E-6,-3.40000010,
,,,521.799956914E-6,-3.40000010,
,,,521.899957675E-6,-3.40000010,
,,,521.999958437E-6,-3.40000010,
,,,522.099959198E-6,-3.00000000,
,,,522.199959960E-6,-3.00000000,
,,,522.299960721E-6,-2.79999995,
,,,522.399961483E-6,-2.6000001,
,,,522.499962244E-6,-2.79999995,
,,,522.599963006E-6,-2.79999995,
,,,522.699963767E-6,-2.4000001,
,,,522.799964529E-6,-2.79999995,
,,,522.899965290E-6,-2.0000000,
,,,522.999966051E-6,-1.8000001,
,,,523.099966813E-6,-2.0000000,
,,,523.199967574E-6,-2.0000000,
,,,523.299968336E-6,-1.8000001,
,,,523.399969097E-6,-1.8000001,
,,,523.499969859E-6,-1.6000000,
,,,523.599970620E-6,-1.2000000,
,,,523.699971382E-6,-1.2000000,
,,,523.799972143E-6,-1.2000000,
,,,523.899972904E-6,-1.000000,
,,,523.999973666E-6,-1.000000,
,,,524.099974427E-6,-400.00000596E-3,
,,,524.199975189E-6,-800.000011921E-3,
,,,524.299975950E-6,-400.00000596E-3,
,,,524.399976712E-6,-200.00000298E-3,
,,,524.499977473E-6,-200.00000298E-3,
,,,524.599978235E-6,-400.00000596E-3,
,,,524.699978996E-6,0.0,
,,,524.799979758E-6,0.0,
,,,524.899980519E-6,400.00000596E-3,
,,,524.999981280E-6,200.00000298E-3,
,,,525.099982042E-6,800.000011921E-3,
,,,525.199982803E-6,800.000011921E-3,
,,,525.299983565E-6,400.00000596E-3,
,,,525.399984326E-6,800.000011921E-3,
,,,525.499985088E-6,1.2000000,
,,,525.599985849E-6,800.000011921E-3,
,,,525.699986611E-6,1.2000000,
,,,525.799987372E-6,1.2000000,
,,,525.899988133E-6,1.6000000,
,,,525.999988895E-6,1.6000000,
,,,526.099989656E-6,1.8000001,
,,,526.199990418E-6,1.8000001,
,,,526.299991179E-6,2.2000000,
,,,526.399991941E-6,1.8000001,
,,,526.499992702E-6,2.2000000,
,,,526.599993464E-6,2.2000000,
,,,526.699994225E-6,2.2000000,
,,,526.799994987E-6,2.0000000,
,,,526.899995748E-6,2.6000001,
,,,526.999996509E-6,2.6000001,
,,,527.099997271E-6,2.79999995,
,,,527.199998032E-6,2.79999995,
,,,527.299998794E-6,3.00000000,
,,,527.399999555E-6,2.79999995,
,,,527.500000317E-6,3.00000000,
,,,527.600001078E-6,3.00000000,
,,,527.700001840E-6,3.40000010,
,,,527.800002601E-6,3.20000005,
,,,527.900003362E-6,3.40000010,
,,,528.000004124E-6,3.40000010,
,,,528.100004885E-6,3.60000014,
,,,528.200005647E-6,3.40000010,
,,,528.300006408E-6,3.79999995,
,,,528.400007170E-6,3.79999995,
,,,528.500007931E-6,3.79999995,
,,,528.599950485E-6,3.79999995,
,,,528.699951246E-6,4.00000000,
,,,528.799952008E-6,4.20000029,
,,,528.899952769E-6,4.20000029,
,,,528.999953531E-6,4.00000000,
,,,529.099954292E-6,4.40000010,
,,,529.199955054E-6,4.00000000,
,,,529.299955815E-6,4.20000029,
,,,529.399956577E-6,4.20000029,
,,,529.499957338E-6,4.20000029,
,,,529.599958099E-6,4.40000010,
,,,529.699958861E-6,4.20000029,
,,,529.799959622E-6,4.40000010,
,,,529.899960384E-6,4.40000010,
,,,529.999961145E-6,4.59999990,
,,,530.099961907E-6,5.00000000,
,,,530.199962668E-6,4.59999990,
,,,530.299963430E-6,4.59999990,
,,,530.399964191E-6,4.59999990,
,,,530.499964952E-6,4.80000019,
,,,530.599965714E-6,4.40000010,
,,,530.699966475E-6,4.59999990,
,,,530.799967237E-6,4.59999990,
,,,530.899967998E-6,4.80000019,
,,,530.999968760E-6,4.40000010,
,,,531.099969521E-6,4.80000019,
,,,531.199970283E-6,4.80000019,
,,,531.299971044E-6,4.59999990,
,,,531.399971806E-6,4.80000019,
,,,531.499972567E-6,4.20000029,
,,,531.599973328E-6,4.40000010,
,,,531.699974090E-6,4.40000010,
,,,531.799974851E-6,4.59999990,
,,,531.899975613E-6,4.20000029,
,,,531.999976374E-6,4.40000010,
,,,532.099977136E-6,4.20000029,
,,,532.199977897E-6,4.40000010,
,,,532.299978659E-6,4.20000029,
,,,532.399979420E-6,4.00000000,
,,,532.499980181E-6,4.20000029,
,,,532.599980943E-6,4.00000000,
,,,532.699981704E-6,4.00000000,
,,,532.799982466E-6,4.00000000,
,,,532.899983227E-6,4.20000029,
,,,532.999983989E-6,3.79999995,
,,,533.099984750E-6,3.79999995,
,,,533.199985512E-6,3.79999995,
,,,533.299986273E-6,3.60000014,
,,,533.399987034E-6,3.79999995,
,,,533.499987796E-6,3.60000014,
,,,533.599988557E-6,3.60000014,
,,,533.699989319E-6,3.79999995,
,,,533.799990080E-6,3.40000010,
,,,533.899990842E-6,3.20000005,
,,,533.999991603E-6,3.20000005,
,,,534.099992365E-6,3.20000005,
,,,534.199993126E-6,3.00000000,
,,,534.299993888E-6,2.6000001,
,,,534.399994649E-6,2.79999995,
,,,534.499995410E-6,2.6000001,
,,,534.599996172E-6,2.4000001,
,,,534.699996933E-6,2.6000001,
,,,534.799997695E-6,2.6000001,
,,,534.899998456E-6,2.4000001,
,,,534.999999218E-6,2.2000000,
,,,535.099999979E-6,2.0000000,
,,,535.200000741E-6,1.8000001,
,,,535.300001502E-6,1.8000001,
,,,535.400002263E-6,2.0000000,
,,,535.500003025E-6,1.6000000,
,,,535.600003786E-6,1.6000000,
,,,535.700004548E-6,1.2000000,
,,,535.800005309E-6,1.4000000,
,,,535.900006071E-6,1.2000000,
,,,536.000006832E-6,1.2000000,
,,,536.100007594E-6,800.000011921E-3,
,,,536.200008355E-6,1.000000,
,,,536.299950909E-6,600.000023842E-3,
,,,536.399951670E-6,600.000023842E-3,
,,,536.499952432E-6,600.000023842E-3,
,,,536.599953193E-6,200.00000298E-3,
,,,536.699953955E-6,200.00000298E-3,
,,,536.799954716E-6,0.0,
,,,536.899955478E-6,0.0,
,,,536.999956239E-6,-200.00000298E-3,
,,,537.099957000E-6,-200.00000298E-3,
,,,537.199957762E-6,-200.00000298E-3,
,,,537.299958523E-6,-800.000011921E-3,
,,,537.399959285E-6,-1.000000,
,,,537.499960046E-6,-800.000011921E-3,
,,,537.599960808E-6,-1.000000,
,,,537.699961569E-6,-1.000000,
,,,537.799962331E-6,-1.2000000,
,,,537.899963092E-6,-1.2000000,
,,,537.999963854E-6,-1.4000000,
,,,538.099964615E-6,-1.6000000,
,,,538.199965376E-6,-1.6000000,
,,,538.299966138E-6,-1.6000000,
,,,538.399966899E-6,-2.0000000,
,,,538.499967661E-6,-2.0000000,
,,,538.599968422E-6,-2.2000000,
,,,538.699969184E-6,-2.2000000,
,,,538.799969945E-6,-2.4000001,
,,,538.899970707E-6,-2.4000001,
,,,538.999971468E-6,-2.6000001,
,,,539.099972229E-6,-2.79999995,
,,,539.199972991E-6,-2.79999995,
,,,539.299973752E-6,-2.79999995,
,,,539.399974514E-6,-3.00000000,
,,,539.499975275E-6,-3.00000000,
,,,539.599976037E-6,-3.40000010,
,,,539.699976798E-6,-3.20000005,
,,,539.799977560E-6,-3.20000005,
,,,539.899978321E-6,-3.79999995,
,,,539.999979082E-6,-3.79999995,
,,,540.099979844E-6,-3.60000014,
,,,540.199980605E-6,-3.79999995,
,,,540.299981367E-6,-3.79999995,
,,,540.399982128E-6,-3.79999995,
,,,540.499982890E-6,-4.00000000,
,,,540.599983651E-6,-4.20000029,
,,,540.699984413E-6,-4.20000029,
,,,540.799985174E-6,-4.20000029,
,,,540.899985936E-6,-4.40000010,
,,,540.999986697E-6,-4.20000029,
,,,541.099987458E-6,-4.40000010,
,,,541.199988220E-6,-4.59999990,
,,,541.299988981E-6,-4.59999990,
,,,541.399989743E-6,-4.59999990,
,,,541.499990504E-6,-4.59999990,
,,,541.599991266E-6,-4.59999990,
,,,541.699992027E-6,-4.80000019,
,,,541.799992789E-6,-5.00000000,
,,,541.899993550E-6,-4.59999990,
,,,541.999994311E-6,-5.00000000,
,,,542.099995073E-6,-5.20000029,
,,,542.199995834E-6,-5.00000000,
,,,542.299996596E-6,-5.20000029,
,,,542.399997357E-6,-5.40000010,
,,,542.499998119E-6,-5.20000029,
,,,542.599998880E-6,-5.40000010,
,,,542.699999642E-6,-5.40000010,
,,,542.800000403E-6,-5.00000000,
,,,542.900001165E-6,-5.40000010,
,,,543.000001926E-6,-5.20000029,
,,,543.100002687E-6,-5.20000029,
,,,543.200003449E-6,-5.20000029,
,,,543.300004210E-6,-5.40000010,
,,,543.400004972E-6,-5.00000000,
,,,543.500005733E-6,-5.40000010,
,,,543.600006495E-6,-5.20000029,
,,,543.700007256E-6,-5.20000029,
,,,543.800008018E-6,-5.40000010,
,,,543.900008779E-6,-5.40000010,
,,,543.999951333E-6,-5.20000029,
,,,544.099952094E-6,-5.20000029,
,,,544.199952856E-6,-5.40000010,
,,,544.299953617E-6,-5.20000029,
,,,544.399954379E-6,-5.20000029,
,,,544.499955140E-6,-5.40000010,
,,,544.599955902E-6,-5.00000000,
,,,544.699956663E-6,-5.00000000,
,,,544.799957424E-6,-5.00000000,
,,,544.899958186E-6,-5.00000000,
,,,544.999958947E-6,-5.20000029,
,,,545.099959709E-6,-5.00000000,
,,,545.199960470E-6,-4.80000019,
,,,545.299961232E-6,-4.59999990,
,,,545.399961993E-6,-5.00000000,
,,,545.499962755E-6,-4.59999990,
,,,545.599963516E-6,-4.59999990,
,,,545.699964277E-6,-4.40000010,
,,,545.799965039E-6,-4.59999990,
,,,545.899965800E-6,-4.20000029,
,,,545.999966562E-6,-4.40000010,
,,,546.099967323E-6,-3.79999995,
,,,546.199968085E-6,-4.00000000,
,,,546.299968846E-6,-3.79999995,
,,,546.399969608E-6,-4.00000000,
,,,546.499970369E-6,-4.00000000,
,,,546.599971130E-6,-4.00000000,
,,,546.699971892E-6,-3.60000014,
,,,546.799972653E-6,-3.60000014,
,,,546.899973415E-6,-3.79999995,
,,,546.999974176E-6,-3.40000010,
,,,547.099974938E-6,-3.00000000,
,,,547.199975699E-6,-3.20000005,
,,,547.299976461E-6,-3.00000000,
,,,547.399977222E-6,-3.00000000,
,,,547.499977984E-6,-2.6000001,
,,,547.599978745E-6,-2.79999995,
,,,547.699979506E-6,-2.6000001,
,,,547.799980268E-6,-2.79999995,
,,,547.899981029E-6,-2.2000000,
,,,547.999981791E-6,-2.4000001,
,,,548.099982552E-6,-2.4000001,
,,,548.199983314E-6,-2.0000000,
,,,548.299984075E-6,-1.8000001,
,,,548.399984837E-6,-2.0000000,
,,,548.499985598E-6,-1.8000001,
,,,548.599986359E-6,-1.8000001,
,,,548.699987121E-6,-1.4000000,
,,,548.799987882E-6,-1.2000000,
,,,548.899988644E-6,-1.000000,
,,,548.999989405E-6,-1.000000,
,,,549.099990167E-6,-800.000011921E-3,
,,,549.199990928E-6,-1.000000,
,,,549.299991690E-6,-400.00000596E-3,
,,,549.399992451E-6,-1.000000,
,,,549.499993213E-6,-400.00000596E-3,
,,,549.599993974E-6,-200.00000298E-3,
,,,549.699994735E-6,0.0,
,,,549.799995497E-6,-200.00000298E-3,
,,,549.899996258E-6,200.00000298E-3,
,,,549.999997020E-6,200.00000298E-3,
,,,550.099997781E-6,400.00000596E-3,
,,,550.199998543E-6,200.00000298E-3,
,,,550.299999304E-6,800.000011921E-3,
,,,550.400000066E-6,800.000011921E-3,
,,,550.500000827E-6,800.000011921E-3,
,,,550.600001588E-6,800.000011921E-3,
,,,550.700002350E-6,1.2000000,
,,,550.800003111E-6,1.000000,
,,,550.900003873E-6,1.4000000,
,,,551.000004634E-6,1.4000000,
,,,551.100005396E-6,1.6000000,
,,,551.200006157E-6,1.6000000,
,,,551.300006919E-6,1.6000000,
,,,551.400007680E-6,1.8000001,
,,,551.500008442E-6,1.8000001,
,,,551.599950995E-6,2.0000000,
,,,551.699951757E-6,2.2000000,
,,,551.799952518E-6,2.2000000,
,,,551.899953280E-6,2.6000001,
,,,551.999954041E-6,2.4000001,
,,,552.099954803E-6,2.6000001,
,,,552.199955564E-6,2.6000001,
,,,552.299956325E-6,3.00000000,
,,,552.399957087E-6,2.79999995,
,,,552.499957848E-6,3.00000000,
,,,552.599958610E-6,3.00000000,
,,,552.699959371E-6,3.40000010,
,,,552.799960133E-6,3.40000010,
,,,552.899960894E-6,3.40000010,
,,,552.999961656E-6,3.20000005,
,,,553.099962417E-6,3.40000010,
,,,553.199963178E-6,3.60000014,
,,,553.299963940E-6,4.00000000,
,,,553.399964701E-6,3.79999995,
,,,553.499965463E-6,4.00000000,
,,,553.599966224E-6,4.00000000,
,,,553.699966986E-6,4.00000000,
,,,553.799967747E-6,4.00000000,
,,,553.899968509E-6,4.20000029,
,,,553.999969270E-6,4.00000000,
,,,554.099970032E-6,4.20000029,
,,,554.199970793E-6,4.20000029,
,,,554.299971554E-6,4.20000029,
,,,554.399972316E-6,4.00000000,
,,,554.499973077E-6,4.59999990,
,,,554.599973839E-6,4.20000029,
,,,554.699974600E-6,4.59999990,
,,,554.799975362E-6,4.40000010,
,,,554.899976123E-6,4.59999990,
,,,554.999976885E-6,4.40000010,
,,,555.099977646E-6,4.59999990,
,,,555.199978407E-6,4.40000010,
,,,555.299979169E-6,4.80000019,
,,,555.399979930E-6,4.40000010,
,,,555.499980692E-6,4.59999990,
,,,555.599981453E-6,4.40000010,
,,,555.699982215E-6,4.59999990,
,,,555.799982976E-6,4.59999990,
,,,555.899983738E-6,4.80000019,
,,,555.999984499E-6,4.80000019,
,,,556.099985261E-6,4.59999990,
,,,556.199986022E-6,4.80000019,
,,,556.299986783E-6,4.80000019,
,,,556.399987545E-6,4.59999990,
,,,556.499988306E-6,4.80000019,
,,,556.599989068E-6,4.59999990,
,,,556.699989829E-6,4.59999990,
,,,556.799990591E-6,4.40000010,
,,,556.899991352E-6,4.40000010,
,,,556.999992114E-6,4.59999990,
,,,557.099992875E-6,4.40000010,
,,,557.199993636E-6,4.40000010,
,,,557.299994398E-6,4.40000010,
,,,557.399995159E-6,4.20000029,
,,,557.499995921E-6,4.40000010,
,,,557.599996682E-6,4.40000010,
,,,557.699997444E-6,4.20000029,
,,,557.799998205E-6,4.40000010,
,,,557.899998967E-6,4.40000010,
,,,557.999999728E-6,4.20000029,
,,,558.100000490E-6,4.20000029,
,,,558.200001251E-6,3.79999995,
,,,558.300002012E-6,4.00000000,
,,,558.400002774E-6,3.79999995,
,,,558.500003535E-6,4.00000000,
,,,558.600004297E-6,3.60000014,
,,,558.700005058E-6,3.40000010,
,,,558.800005820E-6,3.60000014,
,,,558.900006581E-6,3.20000005,
,,,559.000007343E-6,3.00000000,
,,,559.100008104E-6,3.20000005,
,,,559.200008865E-6,3.00000000,
,,,559.299951419E-6,3.00000000,
,,,559.399952181E-6,3.00000000,
,,,559.499952942E-6,2.6000001,
,,,559.599953704E-6,2.79999995,
,,,559.699954465E-6,2.4000001,
,,,559.799955226E-6,2.6000001,
,,,559.899955988E-6,2.2000000,
,,,559.999956749E-6,2.2000000,
,,,560.099957511E-6,2.2000000,
,,,560.199958272E-6,2.2000000,
,,,560.299959034E-6,1.8000001,
,,,560.399959795E-6,2.0000000,
,,,560.499960557E-6,1.8000001,
,,,560.599961318E-6,1.6000000,
,,,560.699962080E-6,1.4000000,
,,,560.799962841E-6,1.6000000,
,,,560.899963602E-6,1.4000000,
,,,560.999964364E-6,1.2000000,
,,,561.099965125E-6,1.000000,
,,,561.199965887E-6,1.2000000,
,,,561.299966648E-6,800.000011921E-3,
,,,561.399967410E-6,600.000023842E-3,
,,,561.499968171E-6,400.00000596E-3,
,,,561.599968933E-6,600.000023842E-3,
,,,561.699969694E-6,200.00000298E-3,
,,,561.799970455E-6,200.00000298E-3,
,,,561.899971217E-6,0.0,
,,,561.999971978E-6,200.00000298E-3,
,,,562.099972740E-6,0.0,
,,,562.199973501E-6,0.0,
,,,562.299974263E-6,-400.00000596E-3,
,,,562.399975024E-6,-600.000023842E-3,
,,,562.499975786E-6,-600.000023842E-3,
,,,562.599976547E-6,-800.000011921E-3,
,,,562.699977309E-6,-1.000000,
,,,562.799978070E-6,-1.2000000,
,,,562.899978831E-6,-1.4000000,
,,,562.999979593E-6,-1.4000000,
,,,563.099980354E-6,-1.2000000,
,,,563.199981116E-6,-1.4000000,
,,,563.299981877E-6,-1.6000000,
,,,563.399982639E-6,-1.8000001,
,,,563.499983400E-6,-2.0000000,
,,,563.599984162E-6,-2.0000000,
,,,563.699984923E-6,-2.2000000,
,,,563.799985684E-6,-2.0000000,
,,,563.899986446E-6,-2.4000001,
,,,563.999987207E-6,-2.6000001,
,,,564.099987969E-6,-2.6000001,
,,,564.199988730E-6,-2.79999995,
,,,564.299989492E-6,-3.00000000,
,,,564.399990253E-6,-2.79999995,
,,,564.499991015E-6,-3.20000005,
,,,564.599991776E-6,-3.20000005,
,,,564.699992537E-6,-3.40000010,
,,,564.799993299E-6,-3.20000005,
,,,564.899994060E-6,-3.60000014,
,,,564.999994822E-6,-3.40000010,
,,,565.099995583E-6,-3.60000014,
,,,565.199996345E-6,-3.60000014,
,,,565.299997106E-6,-3.79999995,
,,,565.399997868E-6,-4.20000029,
,,,565.499998629E-6,-3.79999995,
,,,565.599999391E-6,-4.00000000,
,,,565.700000152E-6,-4.20000029,
,,,565.800000913E-6,-4.40000010,
,,,565.900001675E-6,-4.20000029,
,,,566.000002436E-6,-4.40000010,
,,,566.100003198E-6,-4.20000029,
,,,566.200003959E-6,-4.40000010,
,,,566.300004721E-6,-5.00000000,
,,,566.400005482E-6,-4.59999990,
,,,566.500006244E-6,-5.00000000,
,,,566.600007005E-6,-4.80000019,
,,,566.700007766E-6,-5.00000000,
,,,566.800008528E-6,-4.80000019,
,,,566.899951082E-6,-5.00000000,
,,,566.999951843E-6,-5.20000029,
,,,567.099952605E-6,-5.20000029,
,,,567.199953366E-6,-5.20000029,
,,,567.299954128E-6,-5.20000029,
,,,567.399954889E-6,-5.00000000,
,,,567.499955650E-6,-5.20000029,
,,,567.599956412E-6,-5.20000029,
,,,567.699957173E-6,-5.20000029,
,,,567.799957935E-6,-5.40000010,
,,,567.899958696E-6,-5.40000010,
,,,567.999959458E-6,-5.00000000,
,,,568.099960219E-6,-5.20000029,
,,,568.199960981E-6,-5.20000029,
,,,568.299961742E-6,-5.20000029,
,,,568.399962503E-6,-5.40000010,
,,,568.499963265E-6,-5.40000010,
,,,568.599964026E-6,-5.40000010,
,,,568.699964788E-6,-5.20000029,
,,,568.799965549E-6,-5.40000010,
,,,568.899966311E-6,-5.40000010,
,,,568.999967072E-6,-5.40000010,
,,,569.099967834E-6,-5.40000010,
,,,569.199968595E-6,-5.20000029,
,,,569.299969357E-6,-5.20000029,
,,,569.399970118E-6,-5.00000000,
,,,569.499970879E-6,-5.20000029,
,,,569.599971641E-6,-5.20000029,
,,,569.699972402E-6,-5.00000000,
,,,569.799973164E-6,-5.00000000,
,,,569.899973925E-6,-4.80000019,
,,,569.999974687E-6,-5.00000000,
,,,570.099975448E-6,-4.80000019,
,,,570.199976210E-6,-5.00000000,
,,,570.299976971E-6,-5.00000000,
,,,570.399977732E-6,-4.80000019,
,,,570.499978494E-6,-4.59999990,
,,,570.599979255E-6,-4.59999990,
,,,570.699980017E-6,-4.59999990,
,,,570.799980778E-6,-4.59999990,
,,,570.899981540E-6,-4.59999990,
,,,570.999982301E-6,-4.20000029,
,,,571.099983063E-6,-4.20000029,
,,,571.199983824E-6,-4.20000029,
,,,571.299984585E-6,-4.00000000,
,,,571.399985347E-6,-4.00000000,
,,,571.499986108E-6,-4.00000000,
,,,571.599986870E-6,-4.00000000,
,,,571.699987631E-6,-3.79999995,
,,,571.799988393E-6,-4.00000000,
,,,571.899989154E-6,-3.40000010,
,,,571.999989916E-6,-3.40000010,
,,,572.099990677E-6,-3.40000010,
,,,572.199991439E-6,-3.40000010,
,,,572.299992200E-6,-2.79999995,
,,,572.399992961E-6,-3.00000000,
,,,572.499993723E-6,-2.79999995,
,,,572.599994484E-6,-3.00000000,
,,,572.699995246E-6,-2.4000001,
,,,572.799996007E-6,-2.79999995,
,,,572.899996769E-6,-2.6000001,
,,,572.999997530E-6,-2.4000001,
,,,573.099998292E-6,-2.2000000,
,,,573.199999053E-6,-2.2000000,
,,,573.299999814E-6,-1.8000001,
,,,573.400000576E-6,-2.2000000,
,,,573.500001337E-6,-1.6000000,
,,,573.600002099E-6,-1.8000001,
,,,573.700002860E-6,-1.6000000,
,,,573.800003622E-6,-1.6000000,
,,,573.900004383E-6,-1.4000000,
,,,574.000005145E-6,-1.2000000,
,,,574.100005906E-6,-1.000000,
,,,574.200006668E-6,-1.2000000,
,,,574.300007429E-6,-800.000011921E-3,
,,,574.400008190E-6,-800.000011921E-3,
,,,574.500008952E-6,-600.000023842E-3,
,,,574.599951506E-6,-600.000023842E-3,
,,,574.699952267E-6,-200.00000298E-3,
,,,574.799953029E-6,-400.00000596E-3,
,,,574.899953790E-6,-200.00000298E-3,
,,,574.999954551E-6,0.0,
,,,575.099955313E-6,200.00000298E-3,
,,,575.199956074E-6,200.00000298E-3,
,,,575.299956836E-6,400.00000596E-3,
,,,575.399957597E-6,0.0,
,,,575.499958359E-6,1.000000,
,,,575.599959120E-6,800.000011921E-3,
,,,575.699959882E-6,800.000011921E-3,
,,,575.799960643E-6,1.000000,
,,,575.899961405E-6,1.2000000,
,,,575.999962166E-6,1.000000,
,,,576.099962927E-6,1.6000000,
,,,576.199963689E-6,1.6000000,
,,,576.299964450E-6,1.6000000,
,,,576.399965212E-6,1.6000000,
,,,576.499965973E-6,1.8000001,
,,,576.599966735E-6,2.0000000,
,,,576.699967496E-6,2.2000000,
,,,576.799968258E-6,2.2000000,
,,,576.899969019E-6,2.0000000,
,,,576.999969780E-6,2.4000001,
,,,577.099970542E-6,2.4000001,
,,,577.199971303E-6,2.4000001,
,,,577.299972065E-6,3.00000000,
,,,577.399972826E-6,2.79999995,
,,,577.499973588E-6,3.00000000,
,,,577.599974349E-6,2.79999995,
,,,577.699975111E-6,3.00000000,
,,,577.799975872E-6,3.00000000,
,,,577.899976633E-6,3.20000005,
,,,577.999977395E-6,3.40000010,
,,,578.099978156E-6,3.79999995,
,,,578.199978918E-6,3.40000010,
,,,578.299979679E-6,3.79999995,
,,,578.399980441E-6,3.40000010,
,,,578.499981202E-6,3.79999995,
,,,578.599981964E-6,3.79999995,
,,,578.699982725E-6,3.79999995,
,,,578.799983487E-6,3.79999995,
,,,578.899984248E-6,4.00000000,
,,,578.999985009E-6,4.20000029,
,,,579.099985771E-6,4.00000000,
,,,579.199986532E-6,4.20000029,
,,,579.299987294E-6,4.40000010,
,,,579.399988055E-6,4.40000010,
,,,579.499988817E-6,4.40000010,
,,,579.599989578E-6,4.40000010,
,,,579.699990340E-6,4.59999990,
,,,579.799991101E-6,4.40000010,
,,,579.899991862E-6,4.59999990,
,,,579.999992624E-6,4.59999990,
,,,580.099993385E-6,4.80000019,
,,,580.199994147E-6,4.40000010,
,,,580.299994908E-6,4.59999990,
,,,580.399995670E-6,4.59999990,
,,,580.499996431E-6,4.80000019,
,,,580.599997193E-6,4.80000019,
,,,580.699997954E-6,4.80000019,
,,,580.799998716E-6,4.40000010,
,,,580.899999477E-6,4.59999990,
,,,581.000000238E-6,4.40000010,
,,,581.100001000E-6,4.80000019,
,,,581.200001761E-6,4.80000019,
,,,581.300002523E-6,4.59999990,
,,,581.400003284E-6,4.40000010,
,,,581.500004046E-6,4.59999990,
,,,581.600004807E-6,4.80000019,
,,,581.700005569E-6,4.59999990,
,,,581.800006330E-6,4.59999990,
,,,581.900007091E-6,4.59999990,
,,,582.000007853E-6,4.40000010,
,,,582.100008614E-6,4.40000010,
,,,582.199951168E-6,4.59999990,
,,,582.299951930E-6,4.59999990,
,,,582.399952691E-6,4.59999990,
,,,582.499953452E-6,4.40000010,
,,,582.599954214E-6,4.40000010,
,,,582.699954975E-6,4.40000010,
,,,582.799955737E-6,4.20000029,
,,,582.899956498E-6,4.20000029,
,,,582.999957260E-6,4.20000029,
,,,583.099958021E-6,4.20000029,
,,,583.199958783E-6,4.00000000,
,,,583.299959544E-6,3.79999995,
,,,583.399960306E-6,3.79999995,
,,,583.499961067E-6,3.79999995,
,,,583.599961828E-6,3.79999995,
,,,583.699962590E-6,3.60000014,
,,,583.799963351E-6,3.60000014,
,,,583.899964113E-6,3.40000010,
,,,583.999964874E-6,3.40000010,
,,,584.099965636E-6,3.00000000,
,,,584.199966397E-6,3.20000005,
,,,584.299967159E-6,3.20000005,
,,,584.399967920E-6,3.00000000,
,,,584.499968681E-6,3.00000000,
,,,584.599969443E-6,3.00000000,
,,,584.699970204E-6,2.6000001,
,,,584.799970966E-6,2.79999995,
,,,584.899971727E-6,2.6000001,
,,,584.999972489E-6,2.2000000,
,,,585.099973250E-6,2.2000000,
,,,585.199974012E-6,2.4000001,
,,,585.299974773E-6,2.0000000,
,,,585.399975535E-6,2.0000000,
,,,585.499976296E-6,1.8000001,
,,,585.599977057E-6,1.8000001,
,,,585.699977819E-6,1.6000000,
,,,585.799978580E-6,1.8000001,
,,,585.899979342E-6,1.6000000,
,,,585.999980103E-6,1.6000000,
,,,586.099980865E-6,1.2000000,
,,,586.199981626E-6,1.000000,
,,,586.299982388E-6,1.000000,
,,,586.399983149E-6,800.000011921E-3,
,,,586.499983910E-6,600.000023842E-3,
,,,586.599984672E-6,800.000011921E-3,
,,,586.699985433E-6,600.000023842E-3,
,,,586.799986195E-6,200.00000298E-3,
,,,586.899986956E-6,200.00000298E-3,
,,,586.999987718E-6,200.00000298E-3,
,,,587.099988479E-6,0.0,
,,,587.199989241E-6,0.0,
,,,587.299990002E-6,-400.00000596E-3,
,,,587.399990764E-6,-200.00000298E-3,
,,,587.499991525E-6,-800.000011921E-3,
,,,587.599992286E-6,-800.000011921E-3,
,,,587.699993048E-6,-600.000023842E-3,
,,,587.799993809E-6,-800.000011921E-3,
,,,587.899994571E-6,-1.000000,
,,,587.999995332E-6,-1.6000000,
,,,588.099996094E-6,-1.4000000,
,,,588.199996855E-6,-1.4000000,
,,,588.299997617E-6,-1.6000000,
,,,588.399998378E-6,-1.4000000,
,,,588.499999139E-6,-1.8000001,
,,,588.599999901E-6,-1.8000001,
,,,588.700000662E-6,-2.2000000,
,,,588.800001424E-6,-2.2000000,
,,,588.900002185E-6,-2.2000000,
,,,589.000002947E-6,-2.2000000,
,,,589.100003708E-6,-2.6000001,
,,,589.200004470E-6,-2.4000001,
,,,589.300005231E-6,-2.6000001,
,,,589.400005993E-6,-2.79999995,
,,,589.500006754E-6,-3.00000000,
,,,589.600007515E-6,-3.00000000,
,,,589.700008277E-6,-3.20000005,
,,,589.800009038E-6,-3.20000005,
,,,589.899951592E-6,-3.40000010,
,,,589.999952354E-6,-3.60000014,
,,,590.099953115E-6,-3.60000014,
,,,590.199953876E-6,-3.60000014,
,,,590.299954638E-6,-3.40000010,
,,,590.399955399E-6,-4.00000000,
,,,590.499956161E-6,-4.00000000,
,,,590.599956922E-6,-3.79999995,
,,,590.699957684E-6,-4.00000000,
,,,590.799958445E-6,-4.20000029,
,,,590.899959207E-6,-4.40000010,
,,,590.999959968E-6,-4.59999990,
,,,591.099960729E-6,-4.40000010,
,,,591.199961491E-6,-4.20000029,
,,,591.299962252E-6,-4.80000019,
,,,591.399963014E-6,-4.40000010,
,,,591.499963775E-6,-4.80000019,
,,,591.599964537E-6,-4.80000019,
,,,591.699965298E-6,-5.00000000,
,,,591.799966060E-6,-5.00000000,
,,,591.899966821E-6,-5.00000000,
,,,591.999967583E-6,-4.80000019,
,,,592.099968344E-6,-5.00000000,
,,,592.199969105E-6,-5.00000000,
,,,592.299969867E-6,-5.00000000,
,,,592.399970628E-6,-5.00000000,
,,,592.499971390E-6,-5.40000010,
,,,592.599972151E-6,-5.00000000,
,,,592.699972913E-6,-5.00000000,
,,,592.799973674E-6,-5.20000029,
,,,592.899974436E-6,-5.20000029,
,,,592.999975197E-6,-5.20000029,
,,,593.099975958E-6,-5.40000010,
,,,593.199976720E-6,-5.20000029,
,,,593.299977481E-6,-5.59999990,
,,,593.399978243E-6,-5.40000010,
,,,593.499979004E-6,-5.40000010,
,,,593.599979766E-6,-5.40000010,
,,,593.699980527E-6,-5.80000019,
,,,593.799981289E-6,-5.40000010,
,,,593.899982050E-6,-5.20000029,
,,,593.999982812E-6,-5.59999990,
,,,594.099983573E-6,-5.20000029,
,,,594.199984334E-6,-5.40000010,
,,,594.299985096E-6,-5.40000010,
,,,594.399985857E-6,-5.20000029,
,,,594.499986619E-6,-5.00000000,
,,,594.599987380E-6,-5.20000029,
,,,594.699988142E-6,-5.20000029,
,,,594.799988903E-6,-5.20000029,
,,,594.899989665E-6,-5.20000029,
,,,594.999990426E-6,-5.20000029,
,,,595.099991187E-6,-4.80000019,
,,,595.199991949E-6,-5.00000000,
,,,595.299992710E-6,-4.80000019,
,,,595.399993472E-6,-4.80000019,
,,,595.499994233E-6,-4.80000019,
,,,595.599994995E-6,-4.40000010,
,,,595.699995756E-6,-4.59999990,
,,,595.799996518E-6,-4.59999990,
,,,595.899997279E-6,-4.80000019,
,,,595.999998040E-6,-4.59999990,
,,,596.099998802E-6,-4.59999990,
,,,596.199999563E-6,-4.40000010,
,,,596.300000325E-6,-4.20000029,
,,,596.400001086E-6,-4.40000010,
,,,596.500001848E-6,-4.20000029,
,,,596.600002609E-6,-4.00000000,
,,,596.700003371E-6,-4.00000000,
,,,596.800004132E-6,-4.00000000,
,,,596.900004894E-6,-3.79999995,
,,,597.000005655E-6,-4.00000000,
,,,597.100006416E-6,-3.60000014,
,,,597.200007178E-6,-3.79999995,
,,,597.300007939E-6,-3.40000010,
,,,597.400008701E-6,-3.20000005,
,,,597.499951255E-6,-3.00000000,
,,,597.599952016E-6,-3.20000005,
,,,597.699952777E-6,-3.00000000,
,,,597.799953539E-6,-2.79999995,
,,,597.899954300E-6,-2.6000001,
,,,597.999955062E-6,-2.4000001,
,,,598.099955823E-6,-2.2000000,
,,,598.199956585E-6,-2.4000001,
,,,598.299957346E-6,-2.2000000,
,,,598.399958108E-6,-2.2000000,
,,,598.499958869E-6,-2.0000000,
,,,598.599959631E-6,-2.0000000,
,,,598.699960392E-6,-1.8000001,
,,,598.799961153E-6,-2.0000000,
,,,598.899961915E-6,-1.6000000,
,,,598.999962676E-6,-1.6000000,
,,,599.099963438E-6,-1.2000000,
,,,599.199964199E-6,-1.2000000,
,,,599.299964961E-6,-800.000011921E-3,
,,,599.399965722E-6,-1.000000,
,,,599.499966484E-6,-800.000011921E-3,
,,,599.599967245E-6,-800.000011921E-3,
,,,599.699968006E-6,-600.000023842E-3,
,,,599.799968768E-6,-800.000011921E-3,
,,,599.899969529E-6,0.0,
,,,599.999970291E-6,-400.00000596E-3,
,,,600.099971052E-6,0.0,
,,,600.199971814E-6,0.0,
,,,600.299972575E-6,400.00000596E-3,
,,,600.399973337E-6,400.00000596E-3,
,,,600.499974098E-6,800.000011921E-3,
,,,600.599974860E-6,400.00000596E-3,
,,,600.699975621E-6,800.000011921E-3,
,,,600.799976382E-6,800.000011921E-3,
,,,600.899977144E-6,1.2000000,
,,,600.999977905E-6,800.000011921E-3,
,,,601.099978667E-6,1.6000000,
,,,601.199979428E-6,1.2000000,
,,,601.299980190E-6,1.6000000,
,,,601.399980951E-6,1.6000000,
,,,601.499981713E-6,1.6000000,
,,,601.599982474E-6,1.8000001,
,,,601.699983235E-6,2.2000000,
,,,601.799983997E-6,2.2000000,
,,,601.899984758E-6,2.2000000,
,,,601.999985520E-6,2.2000000,
,,,602.099986281E-6,2.2000000,
,,,602.199987043E-6,2.4000001,
,,,602.299987804E-6,2.6000001,
,,,602.399988566E-6,2.4000001,
,,,602.499989327E-6,2.79999995,
,,,602.599990088E-6,2.79999995,
,,,602.699990850E-6,3.00000000,
,,,602.799991611E-6,3.20000005,
,,,602.899992373E-6,3.00000000,
,,,602.999993134E-6,3.00000000,
,,,603.099993896E-6,3.20000005,
,,,603.199994657E-6,3.40000010,
,,,603.299995419E-6,3.79999995,
,,,603.399996180E-6,3.60000014,
,,,603.499996942E-6,3.60000014,
,,,603.599997703E-6,3.60000014,
,,,603.699998464E-6,3.79999995,
,,,603.799999226E-6,3.79999995,
,,,603.899999987E-6,4.00000000,
,,,604.000000749E-6,4.00000000,
,,,604.100001510E-6,4.00000000,
,,,604.200002272E-6,4.40000010,
,,,604.300003033E-6,4.20000029,
,,,604.400003795E-6,4.59999990,
,,,604.500004556E-6,4.40000010,
,,,604.600005317E-6,4.40000010,
,,,604.700006079E-6,4.59999990,
,,,604.800006840E-6,4.40000010,
,,,604.900007602E-6,4.59999990,
,,,605.000008363E-6,4.59999990,
,,,605.100009125E-6,4.80000019,
,,,605.199951679E-6,4.59999990,
,,,605.299952440E-6,4.40000010,
,,,605.399953201E-6,4.40000010,
,,,605.499953963E-6,5.20000029,
,,,605.599954724E-6,4.80000019,
,,,605.699955486E-6,4.80000019,
,,,605.799956247E-6,4.59999990,
,,,605.899957009E-6,4.40000010,
,,,605.999957770E-6,4.59999990,
,,,606.099958532E-6,4.59999990,
,,,606.199959293E-6,4.59999990,
,,,606.299960054E-6,4.80000019,
,,,606.399960816E-6,5.00000000,
,,,606.499961577E-6,4.59999990,
,,,606.599962339E-6,4.40000010,
,,,606.699963100E-6,4.59999990,
,,,606.799963862E-6,4.59999990,
,,,606.899964623E-6,5.00000000,
,,,606.999965385E-6,5.40000010,
,,,607.099966146E-6,4.59999990,
,,,607.199966908E-6,4.59999990,
,,,607.299967669E-6,4.59999990,
,,,607.399968430E-6,4.40000010,
,,,607.499969192E-6,4.80000019,
,,,607.599969953E-6,4.59999990,
,,,607.699970715E-6,4.59999990,
,,,607.799971476E-6,4.40000010,
,,,607.899972238E-6,4.20000029,
,,,607.999972999E-6,4.40000010,
,,,608.099973761E-6,4.00000000,
,,,608.199974522E-6,4.00000000,
,,,608.299975283E-6,4.00000000,
,,,608.399976045E-6,4.00000000,
,,,608.499976806E-6,3.79999995,
,,,608.599977568E-6,4.00000000,
,,,608.699978329E-6,3.79999995,
,,,608.799979091E-6,3.79999995,
,,,608.899979852E-6,3.40000010,
,,,608.999980614E-6,3.60000014,
,,,609.099981375E-6,3.40000010,
,,,609.199982136E-6,3.20000005,
,,,609.299982898E-6,3.40000010,
,,,609.399983659E-6,3.40000010,
,,,609.499984421E-6,3.20000005,
,,,609.599985182E-6,3.20000005,
,,,609.699985944E-6,3.00000000,
,,,609.799986705E-6,2.79999995,
,,,609.899987467E-6,2.4000001,
,,,609.999988228E-6,2.6000001,
,,,610.099988990E-6,2.4000001,
,,,610.199989751E-6,2.2000000,
,,,610.299990512E-6,2.2000000,
,,,610.399991274E-6,2.2000000,
,,,610.499992035E-6,2.0000000,
,,,610.599992797E-6,2.2000000,
,,,610.699993558E-6,1.8000001,
,,,610.799994320E-6,1.8000001,
,,,610.899995081E-6,1.6000000,
,,,610.999995843E-6,1.8000001,
,,,611.099996604E-6,1.2000000,
,,,611.199997365E-6,1.4000000,
,,,611.299998127E-6,1.000000,
,,,611.399998888E-6,1.000000,
,,,611.499999650E-6,800.000011921E-3,
,,,611.600000411E-6,1.000000,
,,,611.700001173E-6,600.000023842E-3,
,,,611.800001934E-6,600.000023842E-3,
,,,611.900002696E-6,400.00000596E-3,
,,,612.000003457E-6,400.00000596E-3,
,,,612.100004219E-6,0.0,
,,,612.200004980E-6,0.0,
,,,612.300005741E-6,200.00000298E-3,
,,,612.400006503E-6,-200.00000298E-3,
,,,612.500007264E-6,-400.00000596E-3,
,,,612.600008026E-6,-600.000023842E-3,
,,,612.700008787E-6,-600.000023842E-3,
,,,612.800009549E-6,-600.000023842E-3,
,,,612.899952102E-6,-800.000011921E-3,
,,,612.999952864E-6,-1.2000000,
,,,613.099953625E-6,-1.2000000,
,,,613.199954387E-6,-1.2000000,
,,,613.299955148E-6,-1.4000000,
,,,613.399955910E-6,-1.4000000,
,,,613.499956671E-6,-1.6000000,
,,,613.599957433E-6,-1.6000000,
,,,613.699958194E-6,-1.8000001,
,,,613.799958955E-6,-2.0000000,
,,,613.899959717E-6,-2.0000000,
,,,613.999960478E-6,-2.2000000,
,,,614.099961240E-6,-2.2000000,
,,,614.199962001E-6,-2.2000000,
,,,614.299962763E-6,-2.6000001,
,,,614.399963524E-6,-2.6000001,
,,,614.499964286E-6,-2.79999995,
,,,614.599965047E-6,-2.79999995,
,,,614.699965809E-6,-3.20000005,
,,,614.799966570E-6,-3.20000005,
,,,614.899967331E-6,-3.20000005,
,,,614.999968093E-6,-3.40000010,
,,,615.099968854E-6,-3.40000010,
,,,615.199969616E-6,-3.40000010,
,,,615.299970377E-6,-3.60000014,
,,,615.399971139E-6,-3.20000005,
,,,615.499971900E-6,-3.79999995,
,,,615.599972662E-6,-3.79999995,
,,,615.699973423E-6,-3.79999995,
,,,615.799974184E-6,-4.00000000,
,,,615.899974946E-6,-4.20000029,
,,,615.999975707E-6,-4.20000029,
,,,616.099976469E-6,-4.20000029,
,,,616.199977230E-6,-4.40000010,
,,,616.299977992E-6,-4.59999990,
,,,616.399978753E-6,-4.40000010,
,,,616.499979515E-6,-4.80000019,
,,,616.599980276E-6,-4.59999990,
,,,616.699981038E-6,-5.00000000,
,,,616.799981799E-6,-4.80000019,
,,,616.899982560E-6,-4.80000019,
,,,616.999983322E-6,-4.80000019,
,,,617.099984083E-6,-5.20000029,
,,,617.199984845E-6,-4.80000019,
,,,617.299985606E-6,-5.20000029,
,,,617.399986368E-6,-5.00000000,
,,,617.499987129E-6,-5.20000029,
,,,617.599987891E-6,-5.20000029,
,,,617.699988652E-6,-5.40000010,
,,,617.799989413E-6,-5.20000029,
,,,617.899990175E-6,-5.20000029,
,,,617.999990936E-6,-5.40000010,
,,,618.099991698E-6,-5.20000029,
,,,618.199992459E-6,-5.20000029,
,,,618.299993221E-6,-5.59999990,
,,,618.399993982E-6,-5.20000029,
,,,618.499994744E-6,-5.20000029,
,,,618.599995505E-6,-5.40000010,
,,,618.699996267E-6,-5.40000010,
,,,618.799997028E-6,-5.40000010,
,,,618.899997789E-6,-5.20000029,
,,,618.999998551E-6,-5.59999990,
,,,619.099999312E-6,-5.59999990,
,,,619.200000074E-6,-5.20000029,
,,,619.300000835E-6,-5.20000029,
,,,619.400001597E-6,-5.20000029,
,,,619.500002358E-6,-5.20000029,
,,,619.600003120E-6,-5.20000029,
,,,619.700003881E-6,-5.20000029,
,,,619.800004642E-6,-5.40000010,
,,,619.900005404E-6,-5.20000029,
,,,620.000006165E-6,-5.00000000,
,,,620.100006927E-6,-5.20000029,
,,,620.200007688E-6,-4.80000019,
,,,620.300008450E-6,-5.20000029,
,,,620.400009211E-6,-5.00000000,
,,,620.499951765E-6,-4.80000019,
,,,620.599952526E-6,-5.20000029,
,,,620.699953288E-6,-4.80000019,
,,,620.799954049E-6,-4.80000019,
,,,620.899954811E-6,-4.59999990,
,,,620.999955572E-6,-4.80000019,
,,,621.099956334E-6,-4.20000029,
,,,621.199957095E-6,-4.40000010,
,,,621.299957857E-6,-4.40000010,
,,,621.399958618E-6,-4.20000029,
,,,621.499959379E-6,-4.40000010,
,,,621.599960141E-6,-4.40000010,
,,,621.699960902E-6,-4.00000000,
,,,621.799961664E-6,-4.20000029,
,,,621.899962425E-6,-3.79999995,
,,,621.999963187E-6,-3.79999995,
,,,622.099963948E-6,-3.79999995,
,,,622.199964710E-6,-3.60000014,
,,,622.299965471E-6,-3.40000010,
,,,622.399966232E-6,-3.40000010,
,,,622.499966994E-6,-3.40000010,
,,,622.599967755E-6,-3.40000010,
,,,622.699968517E-6,-2.79999995,
,,,622.799969278E-6,-3.20000005,
,,,622.899970040E-6,-3.00000000,
,,,622.999970801E-6,-2.79999995,
,,,623.099971563E-6,-2.79999995,
,,,623.199972324E-6,-2.79999995,
,,,623.299973086E-6,-2.4000001,
,,,623.399973847E-6,-2.4000001,
,,,623.499974608E-6,-2.4000001,
,,,623.599975370E-6,-2.2000000,
,,,623.699976131E-6,-2.0000000,
,,,623.799976893E-6,-1.6000000,
,,,623.899977654E-6,-1.6000000,
,,,623.999978416E-6,-2.0000000,
,,,624.099979177E-6,-1.4000000,
,,,624.199979939E-6,-1.4000000,
,,,624.299980700E-6,-1.2000000,
,,,624.399981461E-6,-1.2000000,
,,,624.499982223E-6,-800.000011921E-3,
,,,624.599982984E-6,-1.000000,
,,,624.699983746E-6,-800.000011921E-3,
,,,624.799984507E-6,-600.000023842E-3,
,,,624.899985269E-6,-400.00000596E-3,
,,,624.999986030E-6,-600.000023842E-3,
,,,625.099986792E-6,-400.00000596E-3,
,,,625.199987553E-6,-200.00000298E-3,
,,,625.299988315E-6,200.00000298E-3,
,,,625.399989076E-6,200.00000298E-3,
,,,625.499989837E-6,400.00000596E-3,
,,,625.599990599E-6,200.00000298E-3,
,,,625.699991360E-6,600.000023842E-3,
,,,625.799992122E-6,400.00000596E-3,
,,,625.899992883E-6,1.000000,
,,,625.999993645E-6,800.000011921E-3,
,,,626.099994406E-6,1.000000,
,,,626.199995168E-6,1.000000,
,,,626.299995929E-6,1.4000000,
,,,626.399996690E-6,1.4000000,
,,,626.499997452E-6,1.6000000,
,,,626.599998213E-6,1.6000000,
,,,626.699998975E-6,1.6000000,
,,,626.799999736E-6,1.8000001,
,,,626.900000498E-6,2.0000000,
,,,627.000001259E-6,2.0000000,
,,,627.100002021E-6,2.2000000,
,,,627.200002782E-6,2.2000000,
,,,627.300003543E-6,2.4000001,
,,,627.400004305E-6,2.2000000,
,,,627.500005066E-6,2.79999995,
,,,627.600005828E-6,2.6000001,
,,,627.700006589E-6,2.6000001,
,,,627.800007351E-6,2.79999995,
,,,627.900008112E-6,3.00000000,
,,,628.000008874E-6,2.79999995,
,,,628.100009635E-6,3.40000010,
,,,628.199952189E-6,3.20000005,
,,,628.299952950E-6,3.20000005,
,,,628.399953712E-6,3.40000010,
,,,628.499954473E-6,3.60000014,
,,,628.599955235E-6,3.40000010,
,,,628.699955996E-6,3.79999995,
,,,628.799956758E-6,3.79999995,
,,,628.899957519E-6,4.00000000,
,,,628.999958280E-6,3.79999995,
,,,629.099959042E-6,4.20000029,
,,,629.199959803E-6,4.00000000,
,,,629.299960565E-6,4.20000029,
,,,629.399961326E-6,4.00000000,
,,,629.499962088E-6,4.20000029,
,,,629.599962849E-6,4.40000010,
,,,629.699963611E-6,4.20000029,
,,,629.799964372E-6,4.20000029,
,,,629.899965134E-6,4.59999990,
,,,629.999965895E-6,4.40000010,
,,,630.099966656E-6,4.40000010,
,,,630.199967418E-6,4.59999990,
,,,630.299968179E-6,4.80000019,
,,,630.399968941E-6,4.59999990,
,,,630.499969702E-6,4.59999990,
,,,630.599970464E-6,4.59999990,
,,,630.699971225E-6,4.59999990,
,,,630.799971987E-6,4.80000019,
,,,630.899972748E-6,4.59999990,
,,,630.999973509E-6,4.80000019,
,,,631.099974271E-6,4.80000019,
,,,631.199975032E-6,4.80000019,
,,,631.299975794E-6,4.80000019,
,,,631.399976555E-6,4.59999990,
,,,631.499977317E-6,4.80000019,
,,,631.599978078E-6,4.59999990,
,,,631.699978840E-6,4.80000019,
,,,631.799979601E-6,4.59999990,
,,,631.899980363E-6,4.59999990,
,,,631.999981124E-6,4.40000010,
,,,632.099981885E-6,4.40000010,
,,,632.199982647E-6,4.59999990,
,,,632.299983408E-6,4.40000010,
,,,632.399984170E-6,4.40000010,
,,,632.499984931E-6,4.80000019,
,,,632.599985693E-6,4.40000010,
,,,632.699986454E-6,4.80000019,
,,,632.799987216E-6,4.40000010,
,,,632.899987977E-6,4.40000010,
,,,632.999988738E-6,4.40000010,
,,,633.099989500E-6,4.40000010,
,,,633.199990261E-6,4.20000029,
,,,633.299991023E-6,4.20000029,
,,,633.399991784E-6,3.79999995,
,,,633.499992546E-6,4.00000000,
,,,633.599993307E-6,3.79999995,
,,,633.699994069E-6,4.00000000,
,,,633.799994830E-6,3.79999995,
,,,633.899995591E-6,4.00000000,
,,,633.999996353E-6,3.79999995,
,,,634.099997114E-6,3.79999995,
,,,634.199997876E-6,3.60000014,
,,,634.299998637E-6,3.40000010,
,,,634.399999399E-6,3.40000010,
,,,634.500000160E-6,3.20000005,
,,,634.600000922E-6,3.20000005,
,,,634.700001683E-6,3.00000000,
,,,634.800002445E-6,2.79999995,
,,,634.900003206E-6,2.79999995,
,,,635.000003967E-6,2.79999995,
,,,635.100004729E-6,2.6000001,
,,,635.200005490E-6,2.6000001,
,,,635.300006252E-6,2.4000001,
,,,635.400007013E-6,2.6000001,
,,,635.500007775E-6,2.2000000,
,,,635.600008536E-6,2.4000001,
,,,635.700009298E-6,2.0000000,
,,,635.799951851E-6,1.8000001,
,,,635.899952613E-6,1.8000001,
,,,635.999953374E-6,1.8000001,
,,,636.099954136E-6,1.4000000,
,,,636.199954897E-6,1.6000000,
,,,636.299955659E-6,1.000000,
,,,636.399956420E-6,1.4000000,
,,,636.499957182E-6,1.000000,
,,,636.599957943E-6,1.000000,
,,,636.699958704E-6,600.000023842E-3,
,,,636.799959466E-6,1.000000,
,,,636.899960227E-6,400.00000596E-3,
,,,636.999960989E-6,600.000023842E-3,
,,,637.099961750E-6,600.000023842E-3,
,,,637.199962512E-6,200.00000298E-3,
,,,637.299963273E-6,0.0,
,,,637.399964035E-6,200.00000298E-3,
,,,637.499964796E-6,0.0,
,,,637.599965557E-6,-400.00000596E-3,
,,,637.699966319E-6,-400.00000596E-3,
,,,637.799967080E-6,-400.00000596E-3,
,,,637.899967842E-6,-1.000000,
,,,637.999968603E-6,-600.000023842E-3,
,,,638.099969365E-6,-800.000011921E-3,
,,,638.199970126E-6,-1.000000,
,,,638.299970888E-6,-1.2000000,
,,,638.399971649E-6,-1.000000,
,,,638.499972411E-6,-1.6000000,
,,,638.599973172E-6,-1.6000000,
,,,638.699973933E-6,-1.8000001,
,,,638.799974695E-6,-1.8000001,
,,,638.899975456E-6,-1.8000001,
,,,638.999976218E-6,-1.8000001,
,,,639.099976979E-6,-2.2000000,
,,,639.199977741E-6,-2.2000000,
,,,639.299978502E-6,-2.6000001,
,,,639.399979264E-6,-2.6000001,
,,,639.499980025E-6,-2.4000001,
,,,639.599980786E-6,-2.4000001,
,,,639.699981548E-6,-2.79999995,
,,,639.799982309E-6,-2.79999995,
,,,639.899983071E-6,-3.00000000,
,,,639.999983832E-6,-3.00000000,
,,,640.099984594E-6,-3.20000005,
,,,640.199985355E-6,-3.00000000,
,,,640.299986117E-6,-3.40000010,
,,,640.399986878E-6,-3.40000010,
,,,640.499987639E-6,-3.60000014,
,,,640.599988401E-6,-3.60000014,
,,,640.699989162E-6,-3.79999995,
,,,640.799989924E-6,-4.00000000,
,,,640.899990685E-6,-4.20000029,
,,,640.999991447E-6,-3.79999995,
,,,641.099992208E-6,-4.20000029,
,,,641.199992970E-6,-4.20000029,
,,,641.299993731E-6,-4.20000029,
,,,641.399994493E-6,-4.40000010,
,,,641.499995254E-6,-4.80000019,
,,,641.599996015E-6,-4.59999990,
,,,641.699996777E-6,-4.59999990,
,,,641.799997538E-6,-4.59999990,
,,,641.899998300E-6,-4.80000019,
,,,641.999999061E-6,-5.00000000,
,,,642.099999823E-6,-4.80000019,
,,,642.200000584E-6,-4.80000019,
,,,642.300001346E-6,-5.20000029,
,,,642.400002107E-6,-4.59999990,
,,,642.500002868E-6,-5.00000000,
,,,642.600003630E-6,-5.00000000,
,,,642.700004391E-6,-5.20000029,
,,,642.800005153E-6,-5.00000000,
,,,642.900005914E-6,-5.20000029,
,,,643.000006676E-6,-5.20000029,
,,,643.100007437E-6,-5.59999990,
,,,643.200008199E-6,-5.40000010,
,,,643.300008960E-6,-5.40000010,
,,,643.400009722E-6,-5.40000010,
,,,643.499952275E-6,-5.59999990,
,,,643.599953037E-6,-5.20000029,
,,,643.699953798E-6,-5.40000010,
,,,643.799954560E-6,-5.40000010,
,,,643.899955321E-6,-5.59999990,
,,,643.999956083E-6,-5.59999990,
,,,644.099956844E-6,-5.40000010,
,,,644.199957605E-6,-5.20000029,
,,,644.299958367E-6,-5.20000029,
,,,644.399959128E-6,-5.20000029,
,,,644.499959890E-6,-5.40000010,
,,,644.599960651E-6,-5.40000010,
,,,644.699961413E-6,-5.20000029,
,,,644.799962174E-6,-5.20000029,
,,,644.899962936E-6,-5.20000029,
,,,644.999963697E-6,-5.40000010,
,,,645.099964458E-6,-4.80000019,
,,,645.199965220E-6,-5.00000000,
,,,645.299965981E-6,-5.00000000,
,,,645.399966743E-6,-5.00000000,
,,,645.499967504E-6,-4.80000019,
,,,645.599968266E-6,-5.00000000,
,,,645.699969027E-6,-4.80000019,
,,,645.799969789E-6,-5.20000029,
,,,645.899970550E-6,-4.80000019,
,,,645.999971312E-6,-4.80000019,
,,,646.099972073E-6,-4.59999990,
,,,646.199972834E-6,-4.59999990,
,,,646.299973596E-6,-4.40000010,
,,,646.399974357E-6,-4.59999990,
,,,646.499975119E-6,-4.40000010,
,,,646.599975880E-6,-4.20000029,
,,,646.699976642E-6,-4.20000029,
,,,646.799977403E-6,-4.20000029,
,,,646.899978165E-6,-4.20000029,
,,,646.999978926E-6,-4.20000029,
,,,647.099979687E-6,-4.00000000,
,,,647.199980449E-6,-3.60000014,
,,,647.299981210E-6,-3.40000010,
,,,647.399981972E-6,-3.40000010,
,,,647.499982733E-6,-3.40000010,
,,,647.599983495E-6,-3.20000005,
,,,647.699984256E-6,-3.20000005,
,,,647.799985018E-6,-3.20000005,
,,,647.899985779E-6,-2.79999995,
,,,647.999986541E-6,-2.79999995,
,,,648.099987302E-6,-2.79999995,
,,,648.199988063E-6,-2.79999995,
,,,648.299988825E-6,-2.6000001,
,,,648.399989586E-6,-2.6000001,
,,,648.499990348E-6,-2.2000000,
,,,648.599991109E-6,-2.2000000,
,,,648.699991871E-6,-2.2000000,
,,,648.799992632E-6,-2.2000000,
,,,648.899993394E-6,-1.6000000,
,,,648.999994155E-6,-1.6000000,
,,,649.099994916E-6,-1.6000000,
,,,649.199995678E-6,-1.6000000,
,,,649.299996439E-6,-1.4000000,
,,,649.399997201E-6,-1.4000000,
,,,649.499997962E-6,-1.2000000,
,,,649.599998724E-6,-1.2000000,
,,,649.699999485E-6,-1.2000000,
,,,649.800000247E-6,-1.000000,
,,,649.900001008E-6,-600.000023842E-3,
,,,650.000001770E-6,-600.000023842E-3,
,,,650.100002531E-6,-400.00000596E-3,
,,,650.200003292E-6,-600.000023842E-3,
,,,650.300004054E-6,0.0,
,,,650.400004815E-6,0.0,
,,,650.500005577E-6,0.0,
,,,650.600006338E-6,0.0,
,,,650.700007100E-6,200.00000298E-3,
,,,650.800007861E-6,400.00000596E-3,
,,,650.900008623E-6,400.00000596E-3,
,,,651.000009384E-6,400.00000596E-3,
,,,651.099951938E-6,800.000011921E-3,
,,,651.199952699E-6,800.000011921E-3,
,,,651.299953461E-6,1.000000,
,,,651.399954222E-6,1.2000000,
,,,651.499954984E-6,1.6000000,
,,,651.599955745E-6,1.4000000,
,,,651.699956506E-6,1.4000000,
,,,651.799957268E-6,1.4000000,
,,,651.899958029E-6,1.6000000,
,,,651.999958791E-6,1.8000001,
,,,652.099959552E-6,2.0000000,
,,,652.199960314E-6,2.0000000,
,,,652.299961075E-6,2.4000001,
,,,652.399961837E-6,2.2000000,
,,,652.499962598E-6,2.2000000,
,,,652.599963360E-6,2.4000001,
,,,652.699964121E-6,2.79999995,
,,,652.799964882E-6,2.6000001,
,,,652.899965644E-6,2.79999995,
,,,652.999966405E-6,3.00000000,
,,,653.099967167E-6,3.20000005,
,,,653.199967928E-6,2.79999995,
,,,653.299968690E-6,3.20000005,
,,,653.399969451E-6,3.00000000,
,,,653.499970213E-6,3.60000014,
,,,653.599970974E-6,3.40000010,
,,,653.699971735E-6,3.79999995,
,,,653.799972497E-6,3.60000014,
,,,653.899973258E-6,3.79999995,
,,,653.999974020E-6,3.60000014,
,,,654.099974781E-6,4.00000000,
,,,654.199975543E-6,4.00000000,
,,,654.299976304E-6,4.00000000,
,,,654.399977066E-6,4.00000000,
,,,654.499977827E-6,4.20000029,
,,,654.599978589E-6,3.79999995,
,,,654.699979350E-6,4.20000029,
,,,654.799980111E-6,4.40000010,
,,,654.899980873E-6,4.40000010,
,,,654.999981634E-6,4.80000019,
,,,655.099982396E-6,4.40000010,
,,,655.199983157E-6,4.59999990,
,,,655.299983919E-6,4.59999990,
,,,655.399984680E-6,4.59999990,
,,,655.499985442E-6,4.80000019,
,,,655.599986203E-6,4.59999990,
,,,655.699986964E-6,4.59999990,
,,,655.799987726E-6,4.80000019,
,,,655.899988487E-6,4.80000019,
,,,655.999989249E-6,4.59999990,
,,,656.099990010E-6,4.59999990,
,,,656.199990772E-6,4.59999990,
,,,656.299991533E-6,4.80000019,
,,,656.399992295E-6,4.59999990,
,,,656.499993056E-6,4.80000019,
,,,656.599993818E-6,5.00000000,
,,,656.699994579E-6,5.00000000,
,,,656.799995340E-6,4.59999990,
,,,656.899996102E-6,4.80000019,
,,,656.999996863E-6,4.59999990,
,,,657.099997625E-6,4.59999990,
,,,657.199998386E-6,4.59999990,
,,,657.299999148E-6,4.80000019,
,,,657.399999909E-6,4.59999990,
,,,657.500000671E-6,4.59999990,
,,,657.600001432E-6,4.40000010,
,,,657.700002193E-6,4.59999990,
,,,657.800002955E-6,4.59999990,
,,,657.900003716E-6,4.59999990,
,,,658.000004478E-6,4.40000010,
,,,658.100005239E-6,4.40000010,
,,,658.200006001E-6,4.20000029,
,,,658.300006762E-6,4.20000029,
,,,658.400007524E-6,4.40000010,
,,,658.500008285E-6,4.20000029,
,,,658.600009046E-6,4.20000029,
,,,658.700009808E-6,3.79999995,
,,,658.799952362E-6,4.00000000,
,,,658.899953123E-6,3.79999995,
,,,658.999953885E-6,3.79999995,
,,,659.099954646E-6,3.79999995,
,,,659.199955408E-6,3.79999995,
,,,659.299956169E-6,3.60000014,
,,,659.399956930E-6,3.40000010,
,,,659.499957692E-6,3.40000010,
,,,659.599958453E-6,3.20000005,
,,,659.699959215E-6,3.20000005,
,,,659.799959976E-6,3.20000005,
,,,659.899960738E-6,3.00000000,
,,,659.999961499E-6,2.79999995,
,,,660.099962261E-6,2.6000001,
,,,660.199963022E-6,2.6000001,
,,,660.299963783E-6,2.6000001,
,,,660.399964545E-6,2.6000001,
,,,660.499965306E-6,2.4000001,
,,,660.599966068E-6,2.2000000,
,,,660.699966829E-6,2.2000000,
,,,660.799967591E-6,2.2000000,
,,,660.899968352E-6,1.8000001,
,,,660.999969114E-6,1.8000001,
,,,661.099969875E-6,1.8000001,
,,,661.199970637E-6,1.4000000,
,,,661.299971398E-6,1.4000000,
,,,661.399972159E-6,1.8000001,
,,,661.499972921E-6,1.2000000,
,,,661.599973682E-6,1.2000000,
,,,661.699974444E-6,800.000011921E-3,
,,,661.799975205E-6,1.000000,
,,,661.899975967E-6,800.000011921E-3,
,,,661.999976728E-6,800.000011921E-3,
,,,662.099977490E-6,400.00000596E-3,
,,,662.199978251E-6,600.000023842E-3,
,,,662.299979012E-6,200.00000298E-3,
,,,662.399979774E-6,400.00000596E-3,
,,,662.499980535E-6,0.0,
,,,662.599981297E-6,200.00000298E-3,
,,,662.699982058E-6,-200.00000298E-3,
,,,662.799982820E-6,0.0,
,,,662.899983581E-6,-400.00000596E-3,
,,,662.999984343E-6,-400.00000596E-3,
,,,663.099985104E-6,-800.000011921E-3,
,,,663.199985866E-6,-800.000011921E-3,
,,,663.299986627E-6,-1.000000,
,,,663.399987388E-6,-1.000000,
,,,663.499988150E-6,-1.2000000,
,,,663.599988911E-6,-1.000000,
,,,663.699989673E-6,-1.2000000,
,,,663.799990434E-6,-1.6000000,
,,,663.899991196E-6,-2.0000000,
,,,663.999991957E-6,-1.6000000,
,,,664.099992719E-6,-2.0000000,
,,,664.199993480E-6,-1.8000001,
,,,664.299994241E-6,-2.2000000,
,,,664.399995003E-6,-2.4000001,
,,,664.499995764E-6,-2.4000001,
,,,664.599996526E-6,-2.6000001,
,,,664.699997287E-6,-2.6000001,
,,,664.799998049E-6,-2.6000001,
,,,664.899998810E-6,-2.79999995,
,,,664.999999572E-6,-2.79999995,
,,,665.100000333E-6,-3.00000000,
,,,665.200001094E-6,-3.20000005,
,,,665.300001856E-6,-3.60000014,
,,,665.400002617E-6,-3.20000005,
,,,665.500003379E-6,-3.40000010,
,,,665.600004140E-6,-3.40000010,
,,,665.700004902E-6,-4.00000000,
,,,665.800005663E-6,-3.60000014,
,,,665.900006425E-6,-3.79999995,
,,,666.000007186E-6,-3.79999995,
,,,666.100007948E-6,-3.79999995,
,,,666.200008709E-6,-4.00000000,
,,,666.300009470E-6,-4.40000010,
,,,666.400010232E-6,-4.20000029,
,,,666.499952786E-6,-4.40000010,
,,,666.599953547E-6,-4.40000010,
,,,666.699954309E-6,-4.59999990,
,,,666.799955070E-6,-4.59999990,
,,,666.899955831E-6,-4.59999990,
,,,666.999956593E-6,-4.59999990,
,,,667.099957354E-6,-4.59999990,
,,,667.199958116E-6,-4.80000019,
,,,667.299958877E-6,-4.80000019,
,,,667.399959639E-6,-5.00000000,
,,,667.499960400E-6,-5.00000000,
,,,667.599961162E-6,-4.80000019,
,,,667.699961923E-6,-5.20000029,
,,,667.799962685E-6,-5.20000029,
,,,667.899963446E-6,-5.20000029,
,,,667.999964207E-6,-5.00000000,
,,,668.099964969E-6,-5.59999990,
,,,668.199965730E-6,-5.00000000,
,,,668.299966492E-6,-5.40000010,
,,,668.399967253E-6,-5.20000029,
,,,668.499968015E-6,-5.40000010,
,,,668.599968776E-6,-5.59999990,
,,,668.699969538E-6,-5.40000010,
,,,668.799970299E-6,-5.20000029,
,,,668.899971060E-6,-5.59999990,
,,,668.999971822E-6,-5.59999990,
,,,669.099972583E-6,-5.40000010,
,,,669.199973345E-6,-5.40000010,
,,,669.299974106E-6,-5.59999990,
,,,669.399974868E-6,-5.40000010,
,,,669.499975629E-6,-5.20000029,
,,,669.599976391E-6,-5.20000029,
,,,669.699977152E-6,-5.20000029,
,,,669.799977913E-6,-5.20000029,
,,,669.899978675E-6,-5.20000029,
,,,669.999979436E-6,-5.20000029,
,,,670.099980198E-6,-5.20000029,
,,,670.199980959E-6,-5.20000029,
,,,670.299981721E-6,-5.00000000,
,,,670.399982482E-6,-5.20000029,
,,,670.499983244E-6,-5.20000029,
,,,670.599984005E-6,-5.20000029,
,,,670.699984767E-6,-5.00000000,
,,,670.799985528E-6,-5.00000000,
,,,670.899986289E-6,-4.80000019,
,,,670.999987051E-6,-5.00000000,
,,,671.099987812E-6,-4.80000019,
,,,671.199988574E-6,-4.59999990,
,,,671.299989335E-6,-4.59999990,
,,,671.399990097E-6,-4.59999990,
,,,671.499990858E-6,-4.00000000,
,,,671.599991620E-6,-4.40000010,
,,,671.699992381E-6,-4.20000029,
,,,671.799993142E-6,-4.20000029,
,,,671.899993904E-6,-4.00000000,
,,,671.999994665E-6,-4.20000029,
,,,672.099995427E-6,-3.79999995,
,,,672.199996188E-6,-4.00000000,
,,,672.299996950E-6,-3.79999995,
,,,672.399997711E-6,-3.79999995,
,,,672.499998473E-6,-3.40000010,
,,,672.599999234E-6,-3.60000014,
,,,672.699999996E-6,-3.20000005,
,,,672.800000757E-6,-3.60000014,
,,,672.900001518E-6,-3.20000005,
,,,673.000002280E-6,-3.20000005,
,,,673.100003041E-6,-3.00000000,
,,,673.200003803E-6,-3.00000000,
,,,673.300004564E-6,-2.6000001,
,,,673.400005326E-6,-2.79999995,
,,,673.500006087E-6,-2.4000001,
,,,673.600006849E-6,-2.6000001,
,,,673.700007610E-6,-2.4000001,
,,,673.800008371E-6,-2.2000000,
,,,673.900009133E-6,-2.2000000,
,,,674.000009894E-6,-2.2000000,
,,,674.099952448E-6,-1.6000000,
,,,674.199953210E-6,-1.8000001,
,,,674.299953971E-6,-1.6000000,
,,,674.399954733E-6,-1.6000000,
,,,674.499955494E-6,-1.4000000,
,,,674.599956255E-6,-1.4000000,
,,,674.699957017E-6,-1.000000,
,,,674.799957778E-6,-800.000011921E-3,
,,,674.899958540E-6,-1.000000,
,,,674.999959301E-6,-600.000023842E-3,
,,,675.099960063E-6,-800.000011921E-3,
,,,675.199960824E-6,-600.000023842E-3,
,,,675.299961586E-6,-200.00000298E-3,
,,,675.399962347E-6,-200.00000298E-3,
,,,675.499963108E-6,0.0,
,,,675.599963870E-6,-200.00000298E-3,
,,,675.699964631E-6,200.00000298E-3,
,,,675.799965393E-6,0.0,
,,,675.899966154E-6,200.00000298E-3,
,,,675.999966916E-6,400.00000596E-3,
,,,676.099967677E-6,600.000023842E-3,
,,,676.199968439E-6,600.000023842E-3,
,,,676.299969200E-6,1.000000,
,,,676.399969961E-6,1.2000000,
,,,676.499970723E-6,1.2000000,
,,,676.599971484E-6,1.2000000,
,,,676.699972246E-6,1.6000000,
,,,676.799973007E-6,1.4000000,
,,,676.899973769E-6,2.0000000,
,,,676.999974530E-6,1.6000000,
,,,677.099975292E-6,1.6000000,
,,,677.199976053E-6,1.8000001,
,,,677.299976815E-6,2.0000000,
,,,677.399977576E-6,2.0000000,
,,,677.499978337E-6,2.4000001,
,,,677.599979099E-6,2.0000000,
,,,677.699979860E-6,2.4000001,
,,,677.799980622E-6,2.4000001,
,,,677.899981383E-6,3.00000000,
,,,677.999982145E-6,2.79999995,
,,,678.099982906E-6,3.00000000,
,,,678.199983668E-6,3.00000000,
,,,678.299984429E-6,3.20000005,
,,,678.399985190E-6,3.20000005,
,,,678.499985952E-6,3.40000010,
,,,678.599986713E-6,3.20000005,
,,,678.699987475E-6,3.40000010,
,,,678.799988236E-6,3.40000010,
,,,678.899988998E-6,3.60000014,
,,,678.999989759E-6,3.60000014,
,,,679.099990521E-6,3.60000014,
,,,679.199991282E-6,3.79999995,
,,,679.299992044E-6,3.79999995,
,,,679.399992805E-6,3.79999995,
,,,679.499993566E-6,4.20000029,
,,,679.599994328E-6,4.40000010,
,,,679.699995089E-6,4.40000010,
,,,679.799995851E-6,4.20000029,
,,,679.899996612E-6,4.20000029,
,,,679.999997374E-6,4.20000029,
,,,680.099998135E-6,4.40000010,
,,,680.199998897E-6,4.40000010,
,,,680.299999658E-6,4.40000010,
,,,680.400000419E-6,4.40000010,
,,,680.500001181E-6,4.59999990,
,,,680.600001942E-6,4.59999990,
,,,680.700002704E-6,4.59999990,
,,,680.800003465E-6,4.59999990,
,,,680.900004227E-6,4.80000019,
,,,681.000004988E-6,4.59999990,
,,,681.100005750E-6,4.59999990,
,,,681.200006511E-6,4.59999990,
,,,681.300007273E-6,5.00000000,
,,,681.400008034E-6,4.59999990,
,,,681.500008795E-6,5.00000000,
,,,681.600009557E-6,4.59999990,
,,,681.700010318E-6,4.80000019,
,,,681.799952872E-6,4.59999990,
,,,681.899953634E-6,4.59999990,
,,,681.999954395E-6,5.00000000,
,,,682.099955156E-6,4.80000019,
,,,682.199955918E-6,4.80000019,
,,,682.299956679E-6,4.40000010,
,,,682.399957441E-6,4.59999990,
,,,682.499958202E-6,4.40000010,
,,,682.599958964E-6,4.59999990,
,,,682.699959725E-6,4.59999990,
,,,682.799960487E-6,4.40000010,
,,,682.899961248E-6,4.40000010,
,,,682.999962009E-6,4.40000010,
,,,683.099962771E-6,4.20000029,
,,,683.199963532E-6,4.80000019,
,,,683.299964294E-6,4.20000029,
,,,683.399965055E-6,4.40000010,
,,,683.499965817E-6,4.40000010,
,,,683.599966578E-6,4.00000000,
,,,683.699967340E-6,4.20000029,
,,,683.799968101E-6,4.20000029,
,,,683.899968863E-6,4.00000000,
,,,683.999969624E-6,3.79999995,
,,,684.099970385E-6,3.79999995,
,,,684.199971147E-6,3.60000014,
,,,684.299971908E-6,3.60000014,
,,,684.399972670E-6,3.60000014,
,,,684.499973431E-6,3.60000014,
,,,684.599974193E-6,3.60000014,
,,,684.699974954E-6,3.40000010,
,,,684.799975716E-6,3.20000005,
,,,684.899976477E-6,3.40000010,
,,,684.999977238E-6,3.20000005,
,,,685.099978000E-6,3.00000000,
,,,685.199978761E-6,3.00000000,
,,,685.299979523E-6,2.79999995,
,,,685.399980284E-6,3.00000000,
,,,685.499981046E-6,2.4000001,
,,,685.599981807E-6,2.6000001,
,,,685.699982569E-6,2.4000001,
,,,685.799983330E-6,2.2000000,
,,,685.899984092E-6,2.0000000,
,,,685.999984853E-6,2.0000000,
,,,686.099985614E-6,1.8000001,
,,,686.199986376E-6,1.8000001,
,,,686.299987137E-6,1.6000000,
,,,686.399987899E-6,1.8000001,
,,,686.499988660E-6,1.4000000,
,,,686.599989422E-6,1.6000000,
,,,686.699990183E-6,1.2000000,
,,,686.799990945E-6,1.2000000,
,,,686.899991706E-6,800.000011921E-3,
,,,686.999992467E-6,1.000000,
,,,687.099993229E-6,800.000011921E-3,
,,,687.199993990E-6,800.000011921E-3,
,,,687.299994752E-6,400.00000596E-3,
,,,687.399995513E-6,400.00000596E-3,
,,,687.499996275E-6,200.00000298E-3,
,,,687.599997036E-6,0.0,
,,,687.699997798E-6,-200.00000298E-3,
,,,687.799998559E-6,-200.00000298E-3,
,,,687.899999321E-6,-200.00000298E-3,
,,,688.000000082E-6,-400.00000596E-3,
,,,688.100000843E-6,-600.000023842E-3,
,,,688.200001605E-6,-200.00000298E-3,
,,,688.300002366E-6,-800.000011921E-3,
,,,688.400003128E-6,-800.000011921E-3,
,,,688.500003889E-6,-800.000011921E-3,
,,,688.600004651E-6,-1.2000000,
,,,688.700005412E-6,-1.2000000,
,,,688.800006174E-6,-1.4000000,
,,,688.900006935E-6,-1.4000000,
,,,689.000007696E-6,-1.6000000,
,,,689.100008458E-6,-1.8000001,
,,,689.200009219E-6,-1.6000000,
,,,689.300009981E-6,-2.0000000,
,,,689.399952535E-6,-2.2000000,
,,,689.499953296E-6,-2.2000000,
,,,689.599954057E-6,-2.4000001,
,,,689.699954819E-6,-2.4000001,
,,,689.799955580E-6,-2.6000001,
,,,689.899956342E-6,-2.79999995,
,,,689.999957103E-6,-2.79999995,
,,,690.099957865E-6,-2.79999995,
,,,690.199958626E-6,-2.79999995,
,,,690.299959388E-6,-3.20000005,
,,,690.399960149E-6,-3.20000005,
,,,690.499960911E-6,-3.40000010,
,,,690.599961672E-6,-3.79999995,
,,,690.699962433E-6,-3.60000014,
,,,690.799963195E-6,-3.40000010,
,,,690.899963956E-6,-3.79999995,
,,,690.999964718E-6,-3.79999995,
,,,691.099965479E-6,-3.79999995,
,,,691.199966241E-6,-4.00000000,
,,,691.299967002E-6,-4.00000000,
,,,691.399967764E-6,-4.40000010,
,,,691.499968525E-6,-4.40000010,
,,,691.599969286E-6,-4.20000029,
,,,691.699970048E-6,-4.20000029,
,,,691.799970809E-6,-4.20000029,
,,,691.899971571E-6,-4.40000010,
,,,691.999972332E-6,-4.59999990,
,,,692.099973094E-6,-4.80000019,
,,,692.199973855E-6,-4.59999990,
,,,692.299974617E-6,-5.00000000,
,,,692.399975378E-6,-5.00000000,
,,,692.499976140E-6,-5.20000029,
,,,692.599976901E-6,-5.00000000,
,,,692.699977662E-6,-5.00000000,
,,,692.799978424E-6,-5.00000000,
,,,692.899979185E-6,-5.20000029,
,,,692.999979947E-6,-5.40000010,
,,,693.099980708E-6,-5.00000000,
,,,693.199981470E-6,-5.40000010,
,,,693.299982231E-6,-5.40000010,
,,,693.399982993E-6,-5.40000010,
,,,693.499983754E-6,-5.59999990,
,,,693.599984515E-6,-5.59999990,
,,,693.699985277E-6,-5.40000010,
,,,693.799986038E-6,-5.20000029,
,,,693.899986800E-6,-5.40000010,
,,,693.999987561E-6,-5.40000010,
,,,694.099988323E-6,-5.40000010,
,,,694.199989084E-6,-5.59999990,
,,,694.299989846E-6,-5.40000010,
,,,694.399990607E-6,-5.59999990,
,,,694.499991369E-6,-5.59999990,
,,,694.599992130E-6,-5.00000000,
,,,694.699992891E-6,-5.20000029,
,,,694.799993653E-6,-5.40000010,
,,,694.899994414E-6,-5.40000010,
,,,694.999995176E-6,-5.40000010,
,,,695.099995937E-6,-5.40000010,
,,,695.199996699E-6,-5.40000010,
,,,695.299997460E-6,-5.20000029,
,,,695.399998222E-6,-5.20000029,
,,,695.499998983E-6,-5.00000000,
,,,695.599999744E-6,-5.20000029,
,,,695.700000506E-6,-5.40000010,
,,,695.800001267E-6,-5.00000000,
,,,695.900002029E-6,-4.80000019,
,,,696.000002790E-6,-5.20000029,
,,,696.100003552E-6,-4.59999990,
,,,696.200004313E-6,-4.59999990,
,,,696.300005075E-6,-4.40000010,
,,,696.400005836E-6,-4.80000019,
,,,696.500006597E-6,-4.40000010,
,,,696.600007359E-6,-4.59999990,
,,,696.700008120E-6,-4.40000010,
,,,696.800008882E-6,-4.59999990,
,,,696.900009643E-6,-4.20000029,
,,,697.000010405E-6,-4.20000029,
,,,697.099952959E-6,-4.20000029,
,,,697.199953720E-6,-4.40000010,
,,,697.299954481E-6,-3.79999995,
,,,697.399955243E-6,-3.79999995,
,,,697.499956004E-6,-4.00000000,
,,,697.599956766E-6,-3.79999995,
,,,697.699957527E-6,-3.60000014,
,,,697.799958289E-6,-3.40000010,
,,,697.899959050E-6,-3.40000010,
,,,697.999959812E-6,-3.40000010,
,,,698.099960573E-6,-3.20000005,
,,,698.199961334E-6,-3.20000005,
,,,698.299962096E-6,-3.00000000,
,,,698.399962857E-6,-2.79999995,
,,,698.499963619E-6,-2.79999995,
,,,698.599964380E-6,-2.79999995,
,,,698.699965142E-6,-2.6000001,
,,,698.799965903E-6,-2.2000000,
,,,698.899966665E-6,-2.2000000,
,,,698.999967426E-6,-2.0000000,
,,,699.099968188E-6,-2.0000000,
,,,699.199968949E-6,-2.2000000,
,,,699.299969710E-6,-1.6000000,
,,,699.399970472E-6,-1.6000000,
,,,699.499971233E-6,-1.4000000,
,,,699.599971995E-6,-1.6000000,
,,,699.699972756E-6,-1.2000000,
,,,699.799973518E-6,-1.4000000,
,,,699.899974279E-6,-1.000000,
,,,699.999975041E-6,-1.2000000,
,,,700.099975802E-6,-1.000000,
,,,700.199976563E-6,-1.000000,
,,,700.299977325E-6,-600.000023842E-3,
,,,700.399978086E-6,-600.000023842E-3,
,,,700.499978848E-6,-400.00000596E-3,
,,,700.599979609E-6,-400.00000596E-3,
,,,700.699980371E-6,-200.00000298E-3,
,,,700.799981132E-6,0.0,
,,,700.899981894E-6,200.00000298E-3,
,,,700.999982655E-6,200.00000298E-3,
,,,701.099983416E-6,200.00000298E-3,
,,,701.199984178E-6,600.000023842E-3,
,,,701.299984939E-6,800.000011921E-3,
,,,701.399985701E-6,600.000023842E-3,
,,,701.499986462E-6,1.000000,
,,,701.599987224E-6,1.000000,
,,,701.699987985E-6,1.000000,
,,,701.799988747E-6,1.4000000,
,,,701.899989508E-6,1.4000000,
,,,701.999990270E-6,1.4000000,
,,,702.099991031E-6,1.8000001,
,,,702.199991792E-6,1.6000000,
,,,702.299992554E-6,1.8000001,
,,,702.399993315E-6,1.8000001,
,,,702.499994077E-6,2.0000000,
,,,702.599994838E-6,2.0000000,
,,,702.699995600E-6,2.2000000,
,,,702.799996361E-6,2.2000000,
,,,702.899997123E-6,2.4000001,
,,,702.999997884E-6,2.6000001,
,,,703.099998645E-6,2.6000001,
,,,703.199999407E-6,2.79999995,
,,,703.300000168E-6,3.00000000,
,,,703.400000930E-6,3.00000000,
,,,703.500001691E-6,3.00000000,
,,,703.600002453E-6,3.00000000,
,,,703.700003214E-6,3.40000010,
,,,703.800003976E-6,3.40000010,
,,,703.900004737E-6,3.40000010,
,,,704.000005499E-6,3.40000010,
,,,704.100006260E-6,3.79999995,
,,,704.200007021E-6,3.40000010,
,,,704.300007783E-6,3.40000010,
,,,704.400008544E-6,3.79999995,
,,,704.500009306E-6,4.20000029,
,,,704.600010067E-6,4.00000000,
,,,704.699952621E-6,4.59999990,
,,,704.799953382E-6,4.00000000,
,,,704.899954144E-6,4.20000029,
,,,704.999954905E-6,4.00000000,
,,,705.099955667E-6,4.20000029,
,,,705.199956428E-6,4.20000029,
,,,705.299957190E-6,4.40000010,
,,,705.399957951E-6,4.59999990,
,,,705.499958713E-6,4.80000019,
,,,705.599959474E-6,4.20000029,
,,,705.699960236E-6,4.80000019,
,,,705.799960997E-6,4.40000010,
,,,705.899961758E-6,4.80000019,
,,,705.999962520E-6,4.80000019,
,,,706.099963281E-6,5.00000000,
,,,706.199964043E-6,4.80000019,
,,,706.299964804E-6,4.80000019,
,,,706.399965566E-6,4.80000019,
,,,706.499966327E-6,4.80000019,
,,,706.599967089E-6,4.80000019,
,,,706.699967850E-6,5.00000000,
,,,706.799968611E-6,4.80000019,
,,,706.899969373E-6,4.59999990,
,,,706.999970134E-6,4.80000019,
,,,707.099970896E-6,4.59999990,
,,,707.199971657E-6,4.80000019,
,,,707.299972419E-6,5.00000000,
,,,707.399973180E-6,4.80000019,
,,,707.499973942E-6,4.80000019,
,,,707.599974703E-6,4.80000019,
,,,707.699975464E-6,4.59999990,
,,,707.799976226E-6,4.80000019,
,,,707.899976987E-6,4.59999990,
,,,707.999977749E-6,4.59999990,
,,,708.099978510E-6,4.20000029,
,,,708.199979272E-6,4.40000010,
,,,708.299980033E-6,4.59999990,
,,,708.399980795E-6,4.59999990,
,,,708.499981556E-6,4.20000029,
,,,708.599982318E-6,4.20000029,
,,,708.699983079E-6,4.20000029,
,,,708.799983840E-6,4.20000029,
,,,708.899984602E-6,4.00000000,
,,,708.999985363E-6,4.00000000,
,,,709.099986125E-6,4.00000000,
,,,709.199986886E-6,3.79999995,
,,,709.299987648E-6,4.00000000,
,,,709.399988409E-6,3.60000014,
,,,709.499989171E-6,3.79999995,
,,,709.599989932E-6,3.60000014,
,,,709.699990693E-6,3.40000010,
,,,709.799991455E-6,3.40000010,
,,,709.899992216E-6,3.20000005,
,,,709.999992978E-6,3.40000010,
,,,710.099993739E-6,3.20000005,
,,,710.199994501E-6,3.20000005,
,,,710.299995262E-6,3.00000000,
,,,710.399996024E-6,2.79999995,
,,,710.499996785E-6,2.6000001,
,,,710.599997547E-6,2.79999995,
,,,710.699998308E-6,2.6000001,
,,,710.799999069E-6,2.4000001,
,,,710.899999831E-6,2.4000001,
,,,711.000000592E-6,2.4000001,
,,,711.100001354E-6,2.4000001,
,,,711.200002115E-6,2.2000000,
,,,711.300002877E-6,2.0000000,
,,,711.400003638E-6,2.0000000,
,,,711.500004400E-6,1.6000000,
,,,711.600005161E-6,1.6000000,
,,,711.700005922E-6,1.4000000,
,,,711.800006684E-6,1.4000000,
,,,711.900007445E-6,1.000000,
,,,712.000008207E-6,1.2000000,
,,,712.100008968E-6,800.000011921E-3,
,,,712.200009730E-6,800.000011921E-3,
,,,712.300010491E-6,800.000011921E-3,
,,,712.399953045E-6,800.000011921E-3,
,,,712.499953806E-6,400.00000596E-3,
,,,712.599954568E-6,600.000023842E-3,
,,,712.699955329E-6,200.00000298E-3,
,,,712.799956091E-6,0.0,
,,,712.899956852E-6,0.0,
,,,712.999957614E-6,-200.00000298E-3,
,,,713.099958375E-6,-400.00000596E-3,
,,,713.199959137E-6,-600.000023842E-3,
,,,713.299959898E-6,-600.000023842E-3,
,,,713.399960659E-6,-800.000011921E-3,
,,,713.499961421E-6,-800.000011921E-3,
,,,713.599962182E-6,-800.000011921E-3,
,,,713.699962944E-6,-1.000000,
,,,713.799963705E-6,-1.2000000,
,,,713.899964467E-6,-1.4000000,
,,,713.999965228E-6,-1.6000000,
,,,714.099965990E-6,-1.6000000,
,,,714.199966751E-6,-1.6000000,
,,,714.299967512E-6,-1.6000000,
,,,714.399968274E-6,-1.6000000,
,,,714.499969035E-6,-2.0000000,
,,,714.599969797E-6,-2.0000000,
,,,714.699970558E-6,-2.2000000,
,,,714.799971320E-6,-2.6000001,
,,,714.899972081E-6,-2.4000001,
,,,714.999972843E-6,-2.4000001,
,,,715.099973604E-6,-2.79999995,
,,,715.199974366E-6,-3.00000000,
,,,715.299975127E-6,-2.6000001,
,,,715.399975888E-6,-2.79999995,
,,,715.499976650E-6,-3.00000000,
,,,715.599977411E-6,-3.20000005,
,,,715.699978173E-6,-3.20000005,
,,,715.799978934E-6,-3.40000010,
,,,715.899979696E-6,-3.60000014,
,,,715.999980457E-6,-3.60000014,
,,,716.099981219E-6,-4.00000000,
,,,716.199981980E-6,-3.79999995,
,,,716.299982741E-6,-4.00000000,
,,,716.399983503E-6,-3.79999995,
,,,716.499984264E-6,-4.00000000,
,,,716.599985026E-6,-4.00000000,
,,,716.699985787E-6,-4.59999990,
,,,716.799986549E-6,-4.20000029,
,,,716.899987310E-6,-4.59999990,
,,,716.999988072E-6,-4.59999990,
,,,717.099988833E-6,-4.40000010,
,,,717.199989595E-6,-4.40000010,
,,,717.299990356E-6,-4.80000019,
,,,717.399991117E-6,-4.59999990,
,,,717.499991879E-6,-4.59999990,
,,,717.599992640E-6,-5.00000000,
,,,717.699993402E-6,-4.80000019,
,,,717.799994163E-6,-5.20000029,
,,,717.899994925E-6,-5.00000000,
,,,717.999995686E-6,-4.80000019,
,,,718.099996448E-6,-5.00000000,
,,,718.199997209E-6,-5.20000029,
,,,718.299997970E-6,-5.20000029,
,,,718.399998732E-6,-5.40000010,
,,,718.499999493E-6,-5.40000010,
,,,718.600000255E-6,-5.20000029,
,,,718.700001016E-6,-5.20000029,
,,,718.800001778E-6,-5.40000010,
,,,718.900002539E-6,-5.59999990,
,,,719.000003301E-6,-5.40000010,
,,,719.100004062E-6,-5.40000010,
,,,719.200004824E-6,-5.20000029,
,,,719.300005585E-6,-5.20000029,
,,,719.400006346E-6,-5.40000010,
,,,719.500007108E-6,-5.40000010,
,,,719.600007869E-6,-5.40000010,
,,,719.700008631E-6,-5.59999990,
,,,719.800009392E-6,-5.59999990,
,,,719.900010154E-6,-5.40000010,
,,,719.999952707E-6,-5.59999990,
,,,720.099953469E-6,-5.20000029,
,,,720.199954230E-6,-5.00000000,
,,,720.299954992E-6,-5.40000010,
,,,720.399955753E-6,-5.00000000,
,,,720.499956515E-6,-5.20000029,
,,,720.599957276E-6,-5.40000010,
,,,720.699958038E-6,-5.20000029,
,,,720.799958799E-6,-5.40000010,
,,,720.899959560E-6,-5.00000000,
,,,720.999960322E-6,-4.80000019,
,,,721.099961083E-6,-4.80000019,
,,,721.199961845E-6,-5.00000000,
,,,721.299962606E-6,-4.59999990,
,,,721.399963368E-6,-5.00000000,
,,,721.499964129E-6,-4.80000019,
,,,721.599964891E-6,-4.40000010,
,,,721.699965652E-6,-4.40000010,
,,,721.799966414E-6,-4.40000010,
,,,721.899967175E-6,-4.40000010,
,,,721.999967936E-6,-4.40000010,
,,,722.099968698E-6,-4.40000010,
,,,722.199969459E-6,-4.40000010,
,,,722.299970221E-6,-3.79999995,
,,,722.399970982E-6,-4.00000000,
,,,722.499971744E-6,-4.00000000,
,,,722.599972505E-6,-4.00000000,
,,,722.699973267E-6,-3.79999995,
,,,722.799974028E-6,-3.79999995,
,,,722.899974789E-6,-3.60000014,
,,,722.999975551E-6,-3.60000014,
,,,723.099976312E-6,-3.40000010,
,,,723.199977074E-6,-3.40000010,
,,,723.299977835E-6,-3.00000000,
,,,723.399978597E-6,-3.00000000,
,,,723.499979358E-6,-3.00000000,
,,,723.599980120E-6,-3.00000000,
,,,723.699980881E-6,-2.79999995,
,,,723.799981643E-6,-2.79999995,
,,,723.899982404E-6,-2.6000001,
,,,723.999983165E-6,-2.4000001,
,,,724.099983927E-6,-2.4000001,
,,,724.199984688E-6,-2.4000001,
,,,724.299985450E-6,-1.8000001,
,,,724.399986211E-6,-2.2000000,
,,,724.499986973E-6,-1.6000000,
,,,724.599987734E-6,-1.4000000,
,,,724.699988496E-6,-1.8000001,
,,,724.799989257E-6,-1.6000000,
,,,724.899990018E-6,-1.4000000,
