Record Length,2500,Points,99.999997474E-6,200.00000298E-3,
Sample Interval,400.00000467E-9,s,100.4000005E-6,200.00000298E-3,
Trigger Point,-249.99999076,Samples,100.7999963E-6,800.000011921E-3,
,,,101.1999993E-6,800.000011921E-3,
,,,101.5999951E-6,1.4000000,
,,,101.9999982E-6,1.2000000,
Source,CH1,,102.3999939E-6,1.6000000,
Vertical Units,Volts,,102.7999970E-6,1.8000001,
Vertical Scale,5.00000007,,103.2000000E-6,2.0000000,
Vertical Offset,0,,103.5999958E-6,2.0000000,
Horizontal Units,s,,103.9999988E-6,2.79999995,
Horizontal Scale,100.0000012E-6,,104.3999946E-6,2.4000001,
Pt Fmt,Y,,104.7999976E-6,2.2000000,
Yzero,280.00000000E-3,,105.2000007E-6,2.4000001,
Probe Atten,10.0000000,,105.5999965E-6,2.6000001,
,,,105.9999995E-6,2.6000001,
Note,TBS 1052B-EDU - 16:33:09   2025-11-20,,106.3999953E-6,2.4000001,
,,,106.7999983E-6,2.4000001,
,,,107.1999941E-6,2.4000001,
,,,107.5999971E-6,2.0000000,
,,,108.0000002E-6,1.8000001,
,,,108.3999960E-6,1.8000001,
,,,108.7999990E-6,1.4000000,
,,,109.1999948E-6,1.6000000,
,,,109.5999978E-6,800.000011921E-3,
,,,110.0000009E-6,1.2000000,
,,,110.3999966E-6,400.00000596E-3,
,,,110.7999997E-6,200.00000298E-3,
,,,111.1999954E-6,0.0,
,,,111.5999985E-6,-200.00000298E-3,
,,,111.9999943E-6,-600.000023842E-3,
,,,112.3999973E-6,-800.000011921E-3,
,,,112.8000004E-6,-1.4000000,
,,,113.1999961E-6,-1.4000000,
,,,113.5999992E-6,-2.0000000,
,,,113.9999949E-6,-1.8000001,
,,,114.3999980E-6,-2.4000001,
,,,114.8000010E-6,-2.2000000,
,,,115.1999968E-6,-2.6000001,
,,,115.5999998E-6,-2.6000001,
,,,115.9999956E-6,-2.79999995,
,,,116.3999987E-6,-2.79999995,
,,,116.7999944E-6,-3.40000010,
,,,117.1999975E-6,-3.40000010,
,,,117.6000005E-6,-3.20000005,
,,,117.9999963E-6,-3.40000010,
,,,118.3999993E-6,-3.20000005,
,,,118.7999951E-6,-3.20000005,
,,,119.1999982E-6,-3.20000005,
,,,119.6000012E-6,-3.20000005,
,,,119.9999970E-6,-2.79999995,
,,,120.4000000E-6,-3.00000000,
,,,120.7999958E-6,-2.6000001,
,,,121.1999988E-6,-2.6000001,
,,,121.5999946E-6,-2.2000000,
,,,121.9999976E-6,-2.2000000,
,,,122.4000007E-6,-1.6000000,
,,,122.8000037E-6,-1.8000001,
,,,123.1999922E-6,-1.000000,
,,,123.5999953E-6,-1.2000000,
,,,123.9999983E-6,-400.00000596E-3,
,,,124.4000014E-6,-400.00000596E-3,
,,,124.8000044E-6,200.00000298E-3,
,,,125.1999929E-6,0.0,
,,,125.5999960E-6,600.000023842E-3,
,,,125.9999990E-6,600.000023842E-3,
,,,126.4000020E-6,1.000000,
,,,126.7999905E-6,1.4000000,
,,,127.1999936E-6,1.8000001,
,,,127.5999966E-6,1.6000000,
,,,127.9999997E-6,2.0000000,
,,,128.4000027E-6,2.2000000,
,,,128.7999912E-6,2.2000000,
,,,129.1999943E-6,2.2000000,
,,,129.5999973E-6,2.6000001,
,,,130.0000004E-6,2.4000001,
,,,130.4000034E-6,2.4000001,
,,,130.7999919E-6,2.6000001,
,,,131.1999949E-6,2.4000001,
,,,131.5999980E-6,2.2000000,
,,,132.0000010E-6,2.2000000,
,,,132.4000041E-6,2.0000000,
,,,132.7999926E-6,2.0000000,
,,,133.1999956E-6,2.2000000,
,,,133.5999987E-6,1.8000001,
,,,134.0000017E-6,1.8000001,
,,,134.4000048E-6,1.4000000,
,,,134.7999932E-6,1.2000000,
,,,135.1999963E-6,800.000011921E-3,
,,,135.5999993E-6,400.00000596E-3,
,,,136.0000024E-6,200.00000298E-3,
,,,136.3999909E-6,400.00000596E-3,
,,,136.7999939E-6,-400.00000596E-3,
,,,137.1999970E-6,-400.00000596E-3,
,,,137.6000000E-6,-1.2000000,
,,,138.0000031E-6,-1.000000,
,,,138.3999916E-6,-1.4000000,
,,,138.7999946E-6,-1.4000000,
,,,139.1999976E-6,-2.0000000,
,,,139.6000007E-6,-2.0000000,
,,,140.0000037E-6,-2.4000001,
,,,140.3999922E-6,-2.79999995,
,,,140.7999953E-6,-3.00000000,
,,,141.1999983E-6,-2.79999995,
,,,141.6000014E-6,-3.20000005,
,,,142.0000044E-6,-3.20000005,
,,,142.3999929E-6,-3.20000005,
,,,142.7999960E-6,-3.40000010,
,,,143.1999990E-6,-3.60000014,
,,,143.6000020E-6,-3.40000010,
,,,144.0000051E-6,-3.20000005,
,,,144.3999936E-6,-3.40000010,
,,,144.7999966E-6,-3.00000000,
,,,145.1999997E-6,-2.79999995,
,,,145.6000027E-6,-2.79999995,
,,,145.9999912E-6,-2.79999995,
,,,146.3999943E-6,-2.2000000,
,,,146.7999973E-6,-2.4000001,
,,,147.2000004E-6,-1.8000001,
,,,147.6000034E-6,-2.0000000,
,,,147.9999919E-6,-1.4000000,
,,,148.3999949E-6,-1.2000000,
,,,148.79999799E-6,-1.000000,
,,,149.20000103E-6,-800.000011921E-3,
,,,149.60000408E-6,0.0,
,,,149.99999257E-6,-200.00000298E-3,
,,,150.39999562E-6,200.00000298E-3,
,,,150.79999866E-6,400.00000596E-3,
,,,151.20000171E-6,800.000011921E-3,
,,,151.60000476E-6,600.000023842E-3,
,,,151.99999325E-6,1.4000000,
,,,152.39999630E-6,1.6000000,
,,,152.79999934E-6,1.8000001,
,,,153.20000239E-6,1.8000001,
,,,153.59999088E-6,2.4000001,
,,,153.99999393E-6,2.0000000,
,,,154.39999697E-6,2.4000001,
,,,154.80000002E-6,2.6000001,
,,,155.20000306E-6,2.4000001,
,,,155.59999156E-6,2.6000001,
,,,155.99999460E-6,2.4000001,
,,,156.39999765E-6,2.4000001,
,,,156.80000070E-6,2.4000001,
,,,157.20000374E-6,2.4000001,
,,,157.59999224E-6,2.0000000,
,,,157.99999528E-6,2.0000000,
,,,158.39999833E-6,1.8000001,
,,,158.80000137E-6,2.0000000,
,,,159.20000442E-6,1.6000000,
,,,159.59999291E-6,1.6000000,
,,,159.99999596E-6,800.000011921E-3,
,,,160.39999900E-6,1.000000,
,,,160.80000205E-6,400.00000596E-3,
,,,161.20000510E-6,400.00000596E-3,
,,,161.59999359E-6,-200.00000298E-3,
,,,161.99999664E-6,0.0,
,,,162.39999968E-6,-600.000023842E-3,
,,,162.80000273E-6,-800.000011921E-3,
,,,163.19999122E-6,-1.4000000,
,,,163.59999427E-6,-1.4000000,
,,,163.99999731E-6,-2.0000000,
,,,164.40000036E-6,-1.8000001,
,,,164.80000340E-6,-2.4000001,
,,,165.19999190E-6,-2.4000001,
,,,165.59999494E-6,-2.79999995,
,,,165.99999799E-6,-2.79999995,
,,,166.40000104E-6,-3.00000000,
,,,166.80000408E-6,-3.00000000,
,,,167.19999257E-6,-3.00000000,
,,,167.59999562E-6,-3.00000000,
,,,167.99999867E-6,-3.20000005,
,,,168.40000171E-6,-3.40000010,
,,,168.80000476E-6,-3.20000005,
,,,169.19999325E-6,-3.20000005,
,,,169.59999630E-6,-3.40000010,
,,,169.99999934E-6,-3.00000000,
,,,170.40000239E-6,-2.79999995,
,,,170.80000544E-6,-3.00000000,
,,,171.19999393E-6,-2.4000001,
,,,171.59999697E-6,-2.6000001,
,,,172.00000002E-6,-2.2000000,
,,,172.40000307E-6,-2.0000000,
,,,172.79999156E-6,-1.8000001,
,,,173.19999461E-6,-1.8000001,
,,,173.59999765E-6,-1.000000,
,,,174.00000070E-6,-1.2000000,
,,,174.40000374E-6,-400.00000596E-3,
,,,174.79999224E-6,-400.00000596E-3,
,,,175.19999528E-6,0.0,
,,,175.59999833E-6,200.00000298E-3,
,,,176.00000137E-6,800.000011921E-3,
,,,176.40000442E-6,800.000011921E-3,
,,,176.79999291E-6,1.000000,
,,,177.19999596E-6,1.4000000,
,,,177.59999901E-6,1.8000001,
,,,178.00000205E-6,1.6000000,
,,,178.40000510E-6,2.2000000,
,,,178.79999359E-6,2.2000000,
,,,179.19999664E-6,2.2000000,
,,,179.59999968E-6,2.4000001,
,,,180.00000273E-6,2.4000001,
,,,180.39999122E-6,2.4000001,
,,,180.79999427E-6,2.6000001,
,,,181.19999731E-6,2.6000001,
,,,181.60000036E-6,2.4000001,
,,,182.00000341E-6,2.4000001,
,,,182.39999190E-6,2.2000000,
,,,182.79999495E-6,2.0000000,
,,,183.19999799E-6,2.2000000,
,,,183.60000104E-6,2.0000000,
,,,184.00000408E-6,1.4000000,
,,,184.39999258E-6,1.8000001,
,,,184.79999562E-6,1.2000000,
,,,185.19999867E-6,1.2000000,
,,,185.60000171E-6,800.000011921E-3,
,,,186.00000476E-6,400.00000596E-3,
,,,186.39999325E-6,0.0,
,,,186.79999630E-6,-200.00000298E-3,
,,,187.19999935E-6,-400.00000596E-3,
,,,187.60000239E-6,-600.000023842E-3,
,,,188.00000544E-6,-1.000000,
,,,188.39999393E-6,-1.000000,
,,,188.79999698E-6,-1.8000001,
,,,189.20000002E-6,-1.6000000,
,,,189.60000307E-6,-2.2000000,
,,,189.99999156E-6,-2.0000000,
,,,190.39999461E-6,-2.79999995,
,,,190.79999765E-6,-2.6000001,
,,,191.20000070E-6,-3.20000005,
,,,191.60000375E-6,-2.79999995,
,,,191.99999224E-6,-3.40000010,
,,,192.39999529E-6,-3.20000005,
,,,192.79999833E-6,-3.40000010,
,,,193.20000138E-6,-3.40000010,
,,,193.60000442E-6,-3.40000010,
,,,193.99999292E-6,-3.40000010,
,,,194.39999596E-6,-3.00000000,
,,,194.79999901E-6,-3.40000010,
,,,195.20000205E-6,-2.79999995,
,,,195.60000510E-6,-3.00000000,
,,,195.99999359E-6,-3.00000000,
,,,196.39999664E-6,-2.6000001,
,,,196.79999969E-6,-2.2000000,
,,,197.20000273E-6,-2.2000000,
,,,197.60000578E-6,-1.8000001,
,,,197.99999427E-6,-1.8000001,
,,,198.39999732E-6,-1.4000000,
,,,198.80000036E-6,-1.2000000,
,,,199.20000341E-6,-600.000023842E-3,
,,,199.59999190E-6,-400.00000596E-3,
,,,199.99999495E-6,0.0,
,,,200.39999799E-6,0.0,
,,,200.80000104E-6,600.000023842E-3,
,,,201.20000408E-6,600.000023842E-3,
,,,201.59999258E-6,1.2000000,
,,,201.99999562E-6,1.000000,
,,,202.39999867E-6,1.4000000,
,,,202.80000172E-6,1.4000000,
,,,203.20000476E-6,1.8000001,
,,,203.59999326E-6,1.8000001,
,,,203.99999630E-6,2.4000001,
,,,204.39999935E-6,2.2000000,
,,,204.80000239E-6,2.4000001,
,,,205.20000544E-6,2.6000001,
,,,205.59999393E-6,2.4000001,
,,,205.99999698E-6,2.4000001,
,,,206.40000002E-6,2.6000001,
,,,206.80000307E-6,2.4000001,
,,,207.19999156E-6,2.6000001,
,,,207.59999461E-6,2.4000001,
,,,207.99999766E-6,2.2000000,
,,,208.40000070E-6,2.2000000,
,,,208.80000375E-6,1.6000000,
,,,209.19999224E-6,1.8000001,
,,,209.59999529E-6,1.4000000,
,,,209.99999833E-6,1.4000000,
,,,210.40000138E-6,800.000011921E-3,
,,,210.80000442E-6,800.000011921E-3,
,,,211.19999292E-6,400.00000596E-3,
,,,211.59999596E-6,200.00000298E-3,
,,,211.99999901E-6,-200.00000298E-3,
,,,212.40000206E-6,-400.00000596E-3,
,,,212.80000510E-6,-800.000011921E-3,
,,,213.19999360E-6,-1.000000,
,,,213.59999664E-6,-1.4000000,
,,,213.99999969E-6,-1.6000000,
,,,214.40000273E-6,-1.8000001,
,,,214.80000578E-6,-2.2000000,
,,,215.19999427E-6,-2.2000000,
,,,215.59999732E-6,-2.4000001,
,,,216.00000036E-6,-2.79999995,
,,,216.40000341E-6,-2.79999995,
,,,216.79999190E-6,-3.00000000,
,,,217.19999495E-6,-3.00000000,
,,,217.59999800E-6,-3.60000014,
,,,218.00000104E-6,-3.20000005,
,,,218.40000409E-6,-3.20000005,
,,,218.79999258E-6,-3.20000005,
,,,219.19999563E-6,-3.20000005,
,,,219.59999867E-6,-3.00000000,
,,,220.00000172E-6,-3.20000005,
,,,220.40000476E-6,-3.20000005,
,,,220.79999326E-6,-3.00000000,
,,,221.19999630E-6,-3.00000000,
,,,221.59999935E-6,-2.4000001,
,,,222.00000240E-6,-2.6000001,
,,,222.40000544E-6,-2.2000000,
,,,222.79999394E-6,-2.2000000,
,,,223.19999698E-6,-1.4000000,
,,,223.60000003E-6,-1.6000000,
,,,224.00000307E-6,-1.000000,
,,,224.40000612E-6,-1.2000000,
,,,224.79999461E-6,-200.00000298E-3,
,,,225.19999766E-6,-200.00000298E-3,
,,,225.60000070E-6,0.0,
,,,226.00000375E-6,0.0,
,,,226.39999224E-6,600.000023842E-3,
,,,226.79999529E-6,800.000011921E-3,
,,,227.19999833E-6,1.4000000,
,,,227.60000138E-6,1.4000000,
,,,228.00000443E-6,1.6000000,
,,,228.39999292E-6,1.8000001,
,,,228.79999597E-6,2.0000000,
,,,229.19999901E-6,2.0000000,
,,,229.60000206E-6,2.2000000,
,,,230.00000510E-6,2.0000000,
,,,230.39999360E-6,2.4000001,
,,,230.79999664E-6,2.4000001,
,,,231.19999969E-6,2.6000001,
,,,231.60000273E-6,2.6000001,
,,,232.00000578E-6,2.2000000,
,,,232.39999427E-6,2.2000000,
,,,232.79999732E-6,2.4000001,
,,,233.20000037E-6,2.2000000,
,,,233.60000341E-6,2.0000000,
,,,233.99999191E-6,2.0000000,
,,,234.39999495E-6,1.4000000,
,,,234.79999800E-6,1.4000000,
,,,235.20000104E-6,1.2000000,
,,,235.60000409E-6,1.000000,
,,,235.99999258E-6,600.000023842E-3,
,,,236.39999563E-6,600.000023842E-3,
,,,236.79999867E-6,200.00000298E-3,
,,,237.20000172E-6,0.0,
,,,237.60000477E-6,-600.000023842E-3,
,,,237.99999326E-6,-600.000023842E-3,
,,,238.39999631E-6,-1.2000000,
,,,238.79999935E-6,-1.4000000,
,,,239.20000240E-6,-1.8000001,
,,,239.60000544E-6,-1.6000000,
,,,239.99999394E-6,-2.2000000,
,,,240.39999698E-6,-2.2000000,
,,,240.80000003E-6,-2.79999995,
,,,241.20000307E-6,-2.79999995,
,,,241.60000612E-6,-3.00000000,
,,,241.99999461E-6,-3.00000000,
,,,242.39999766E-6,-3.20000005,
,,,242.80000071E-6,-3.40000010,
,,,243.20000375E-6,-3.20000005,
,,,243.59999225E-6,-3.20000005,
,,,243.99999529E-6,-3.60000014,
,,,244.39999834E-6,-3.40000010,
,,,244.80000138E-6,-3.40000010,
,,,245.20000443E-6,-3.20000005,
,,,245.60000747E-6,-3.00000000,
,,,246.00001052E-6,-2.79999995,
,,,246.40001357E-6,-2.6000001,
,,,246.79998751E-6,-2.79999995,
,,,247.19999055E-6,-2.4000001,
,,,247.59999360E-6,-2.2000000,
,,,247.99999665E-6,-1.8000001,
,,,248.39999969E-6,-1.8000001,
,,,248.80000274E-6,-1.2000000,
,,,249.20000578E-6,-1.2000000,
,,,249.60000883E-6,-600.000023842E-3,
,,,250.00001187E-6,-800.000011921E-3,
,,,250.39998582E-6,-200.00000298E-3,
,,,250.79998886E-6,0.0,
,,,251.19999191E-6,600.000023842E-3,
,,,251.59999495E-6,600.000023842E-3,
,,,251.99999800E-6,1.000000,
,,,252.40000105E-6,800.000011921E-3,
,,,252.80000409E-6,1.6000000,
,,,253.20000714E-6,1.6000000,
,,,253.60001018E-6,2.0000000,
,,,254.00001323E-6,1.8000001,
,,,254.39998717E-6,2.2000000,
,,,254.79999022E-6,2.2000000,
,,,255.19999326E-6,2.4000001,
,,,255.59999631E-6,2.4000001,
,,,255.99999935E-6,2.4000001,
,,,256.40000240E-6,2.4000001,
,,,256.80000545E-6,2.4000001,
,,,257.20000849E-6,2.6000001,
,,,257.60001154E-6,2.6000001,
,,,257.99998548E-6,2.2000000,
,,,258.39998852E-6,2.0000000,
,,,258.79999157E-6,1.8000001,
,,,259.19999462E-6,2.0000000,
,,,259.59999766E-6,1.6000000,
,,,260.00000071E-6,1.4000000,
,,,260.40000375E-6,1.4000000,
,,,260.80000680E-6,800.000011921E-3,
,,,261.20000985E-6,1.000000,
,,,261.60001289E-6,0.0,
,,,261.99998683E-6,200.00000298E-3,
,,,262.39998988E-6,-200.00000298E-3,
,,,262.79999292E-6,-400.00000596E-3,
,,,263.19999597E-6,-800.000011921E-3,
,,,263.59999902E-6,-1.000000,
,,,264.00000206E-6,-1.2000000,
,,,264.40000511E-6,-1.4000000,
,,,264.80000815E-6,-2.0000000,
,,,265.20001120E-6,-2.2000000,
,,,265.59998514E-6,-2.6000001,
,,,265.99998819E-6,-2.6000001,
,,,266.39999123E-6,-2.79999995,
,,,266.79999428E-6,-3.00000000,
,,,267.19999732E-6,-2.79999995,
,,,267.60000037E-6,-2.79999995,
,,,268.00000342E-6,-3.40000010,
,,,268.40000646E-6,-3.60000014,
,,,268.80000951E-6,-3.40000010,
,,,269.20001255E-6,-3.40000010,
,,,269.59998650E-6,-3.20000005,
,,,269.99998954E-6,-3.20000005,
,,,270.39999259E-6,-3.00000000,
,,,270.79999563E-6,-3.00000000,
,,,271.19999868E-6,-2.79999995,
,,,271.60000172E-6,-2.79999995,
,,,272.00000477E-6,-2.6000001,
,,,272.40000782E-6,-2.4000001,
,,,272.80001086E-6,-1.8000001,
,,,273.20001391E-6,-1.8000001,
,,,273.59998785E-6,-1.4000000,
,,,273.99999090E-6,-1.4000000,
,,,274.39999394E-6,-800.000011921E-3,
,,,274.79999699E-6,-1.000000,
,,,275.20000003E-6,-200.00000298E-3,
,,,275.60000308E-6,0.0,
,,,276.00000612E-6,200.00000298E-3,
,,,276.40000917E-6,200.00000298E-3,
,,,276.80001222E-6,1.000000,
,,,277.19998616E-6,800.000011921E-3,
,,,277.59998920E-6,1.2000000,
,,,277.99999225E-6,1.6000000,
,,,278.39999530E-6,1.8000001,
,,,278.79999834E-6,1.6000000,
,,,279.20000139E-6,2.0000000,
,,,279.60000443E-6,2.2000000,
,,,280.00000748E-6,2.4000001,
,,,280.40001052E-6,2.4000001,
,,,280.80001357E-6,2.4000001,
,,,281.19998751E-6,2.4000001,
,,,281.59999056E-6,2.4000001,
,,,281.99999360E-6,2.4000001,
,,,282.39999665E-6,2.4000001,
,,,282.79999970E-6,2.4000001,
,,,283.20000274E-6,2.2000000,
,,,283.60000579E-6,2.2000000,
,,,284.00000883E-6,1.6000000,
,,,284.40001188E-6,1.6000000,
,,,284.79998582E-6,1.4000000,
,,,285.19998887E-6,1.4000000,
,,,285.59999191E-6,1.000000,
,,,285.99999496E-6,600.000023842E-3,
,,,286.39999800E-6,600.000023842E-3,
,,,286.80000105E-6,400.00000596E-3,
,,,287.20000410E-6,-200.00000298E-3,
,,,287.60000714E-6,-200.00000298E-3,
,,,288.00001019E-6,-800.000011921E-3,
,,,288.40001323E-6,-800.000011921E-3,
,,,288.79998717E-6,-1.4000000,
,,,289.19999022E-6,-1.2000000,
,,,289.59999327E-6,-1.8000001,
,,,289.99999631E-6,-1.6000000,
,,,290.39999936E-6,-2.4000001,
,,,290.80000240E-6,-2.4000001,
,,,291.20000545E-6,-2.6000001,
,,,291.60000850E-6,-2.79999995,
,,,292.00001154E-6,-3.00000000,
,,,292.39998548E-6,-2.79999995,
,,,292.79998853E-6,-3.20000005,
,,,293.19999157E-6,-3.20000005,
,,,293.59999462E-6,-3.20000005,
,,,293.99999767E-6,-3.00000000,
,,,294.40000071E-6,-3.20000005,
,,,294.80000376E-6,-3.40000010,
,,,295.20000680E-6,-3.20000005,
,,,295.60000985E-6,-3.20000005,
,,,296.00001290E-6,-3.00000000,
,,,296.39998684E-6,-2.79999995,
,,,296.79998988E-6,-2.6000001,
,,,297.19999293E-6,-2.4000001,
,,,297.59999597E-6,-2.0000000,
,,,297.99999902E-6,-2.0000000,
,,,298.40000207E-6,-1.6000000,
,,,298.80000511E-6,-1.8000001,
,,,299.20000816E-6,-800.000011921E-3,
,,,299.60001120E-6,-1.000000,
,,,300.00001425E-6,-600.000023842E-3,
,,,300.39998819E-6,-600.000023842E-3,
,,,300.79999124E-6,200.00000298E-3,
,,,301.19999428E-6,200.00000298E-3,
,,,301.59999733E-6,400.00000596E-3,
,,,302.00000037E-6,800.000011921E-3,
,,,302.40000342E-6,1.000000,
,,,302.80000647E-6,1.000000,
,,,303.20000951E-6,1.4000000,
,,,303.60001256E-6,1.8000001,
,,,303.99998650E-6,1.6000000,
,,,304.39998955E-6,1.8000001,
,,,304.79999259E-6,2.0000000,
,,,305.19999564E-6,2.0000000,
,,,305.59999868E-6,2.4000001,
,,,306.00000173E-6,2.6000001,
,,,306.40000477E-6,2.4000001,
,,,306.80000782E-6,2.2000000,
,,,307.20001087E-6,2.2000000,
,,,307.60001391E-6,2.2000000,
,,,307.99998785E-6,2.0000000,
,,,308.39999090E-6,2.4000001,
,,,308.79999395E-6,1.8000001,
,,,309.19999699E-6,1.8000001,
,,,309.60000004E-6,1.4000000,
,,,310.00000308E-6,1.6000000,
,,,310.40000613E-6,1.2000000,
,,,310.80000917E-6,1.000000,
,,,311.20001222E-6,400.00000596E-3,
,,,311.59998616E-6,600.000023842E-3,
,,,311.99998921E-6,0.0,
,,,312.39999225E-6,0.0,
,,,312.79999530E-6,-600.000023842E-3,
,,,313.19999835E-6,-600.000023842E-3,
,,,313.60000139E-6,-1.000000,
,,,314.00000444E-6,-800.000011921E-3,
,,,314.40000748E-6,-1.4000000,
,,,314.80001053E-6,-1.6000000,
,,,315.20001357E-6,-2.0000000,
,,,315.59998752E-6,-2.2000000,
,,,315.99999056E-6,-2.6000001,
,,,316.39999361E-6,-2.4000001,
,,,316.79999665E-6,-2.79999995,
,,,317.19999970E-6,-2.79999995,
,,,317.60000275E-6,-3.00000000,
,,,318.00000579E-6,-3.20000005,
,,,318.40000884E-6,-3.20000005,
,,,318.80001188E-6,-3.00000000,
,,,319.19998582E-6,-3.20000005,
,,,319.59998887E-6,-2.79999995,
,,,319.99999192E-6,-3.00000000,
,,,320.39999496E-6,-3.20000005,
,,,320.79999801E-6,-3.00000000,
,,,321.20000105E-6,-2.79999995,
,,,321.60000410E-6,-2.6000001,
,,,322.00000715E-6,-2.79999995,
,,,322.40001019E-6,-2.2000000,
,,,322.80001324E-6,-2.6000001,
,,,323.19998718E-6,-1.8000001,
,,,323.59999022E-6,-1.6000000,
,,,323.99999327E-6,-1.2000000,
,,,324.39999632E-6,-1.4000000,
,,,324.79999936E-6,-600.000023842E-3,
,,,325.20000241E-6,-800.000011921E-3,
,,,325.60000545E-6,0.0,
,,,326.00000850E-6,-200.00000298E-3,
,,,326.40001155E-6,400.00000596E-3,
,,,326.80001459E-6,200.00000298E-3,
,,,327.19998853E-6,1.000000,
,,,327.59999158E-6,1.000000,
,,,327.99999462E-6,1.000000,
,,,328.39999767E-6,1.2000000,
,,,328.80000072E-6,1.8000001,
,,,329.20000376E-6,1.6000000,
,,,329.60000681E-6,2.0000000,
,,,330.00000985E-6,2.0000000,
,,,330.40001290E-6,2.2000000,
,,,330.79998684E-6,2.2000000,
,,,331.19998989E-6,2.2000000,
,,,331.59999293E-6,2.2000000,
,,,331.99999598E-6,2.2000000,
,,,332.39999902E-6,2.4000001,
,,,332.80000207E-6,2.0000000,
,,,333.20000512E-6,2.2000000,
,,,333.60000816E-6,1.8000001,
,,,334.00001121E-6,1.8000001,
,,,334.40001425E-6,1.6000000,
,,,334.79998820E-6,1.4000000,
,,,335.19999124E-6,1.2000000,
,,,335.59999429E-6,1.4000000,
,,,335.99999733E-6,600.000023842E-3,
,,,336.40000038E-6,800.000011921E-3,
,,,336.80000342E-6,400.00000596E-3,
,,,337.20000647E-6,600.000023842E-3,
,,,337.60000952E-6,-200.00000298E-3,
,,,338.00001256E-6,-200.00000298E-3,
,,,338.39998650E-6,-600.000023842E-3,
,,,338.79998955E-6,-800.000011921E-3,
,,,339.19999260E-6,-1.4000000,
,,,339.59999564E-6,-1.4000000,
,,,339.99999869E-6,-1.6000000,
,,,340.40000173E-6,-1.6000000,
,,,340.80000478E-6,-2.2000000,
,,,341.20000782E-6,-2.2000000,
,,,341.60001087E-6,-2.4000001,
,,,342.00001392E-6,-2.79999995,
,,,342.39998786E-6,-2.79999995,
,,,342.79999090E-6,-2.79999995,
,,,343.19999395E-6,-2.79999995,
,,,343.59999700E-6,-3.00000000,
,,,344.00000004E-6,-3.20000005,
,,,344.40000309E-6,-3.00000000,
,,,344.80000613E-6,-3.20000005,
,,,345.20000918E-6,-3.00000000,
,,,345.60001222E-6,-2.79999995,
,,,345.99998617E-6,-2.79999995,
,,,346.39998921E-6,-2.4000001,
,,,346.79999226E-6,-2.79999995,
,,,347.19999530E-6,-2.4000001,
,,,347.59999835E-6,-2.2000000,
,,,348.00000140E-6,-2.0000000,
,,,348.40000444E-6,-1.8000001,
,,,348.80000749E-6,-1.4000000,
,,,349.20001053E-6,-1.6000000,
,,,349.60001358E-6,-800.000011921E-3,
,,,349.99998752E-6,-600.000023842E-3,
,,,350.39999057E-6,-600.000023842E-3,
,,,350.79999361E-6,-400.00000596E-3,
,,,351.19999666E-6,0.0,
,,,351.59999970E-6,0.0,
,,,352.00000275E-6,800.000011921E-3,
,,,352.40000580E-6,600.000023842E-3,
,,,352.80000884E-6,1.000000,
,,,353.20001189E-6,1.000000,
,,,353.60001493E-6,1.2000000,
,,,353.99998887E-6,1.4000000,
,,,354.39999192E-6,1.6000000,
,,,354.79999497E-6,1.8000001,
,,,355.19999801E-6,2.2000000,
,,,355.60000106E-6,1.8000001,
,,,356.00000410E-6,2.0000000,
,,,356.40000715E-6,2.2000000,
,,,356.80001020E-6,2.2000000,
,,,357.20001324E-6,2.2000000,
,,,357.59998718E-6,2.2000000,
,,,357.99999023E-6,2.0000000,
,,,358.39999327E-6,1.8000001,
,,,358.79999632E-6,2.2000000,
,,,359.19999937E-6,1.8000001,
,,,359.60000241E-6,1.6000000,
,,,360.00000546E-6,1.4000000,
,,,360.40000850E-6,1.4000000,
,,,360.80001155E-6,600.000023842E-3,
,,,361.20001459E-6,1.000000,
,,,361.59998854E-6,600.000023842E-3,
,,,361.99999158E-6,600.000023842E-3,
,,,362.39999463E-6,200.00000298E-3,
,,,362.79999767E-6,0.0,
,,,363.20000072E-6,-600.000023842E-3,
,,,363.60000377E-6,-800.000011921E-3,
,,,364.00000681E-6,-1.2000000,
,,,364.40000986E-6,-1.000000,
,,,364.80001290E-6,-1.4000000,
,,,365.19998685E-6,-1.6000000,
,,,365.59998989E-6,-2.0000000,
,,,365.99999294E-6,-2.2000000,
,,,366.39999598E-6,-2.4000001,
,,,366.79999903E-6,-2.4000001,
,,,367.20000207E-6,-2.79999995,
,,,367.60000512E-6,-2.6000001,
,,,368.00000817E-6,-3.00000000,
,,,368.40001121E-6,-3.00000000,
,,,368.80001426E-6,-3.00000000,
,,,369.19998820E-6,-2.79999995,
,,,369.59999125E-6,-3.00000000,
,,,369.99999429E-6,-2.79999995,
,,,370.39999734E-6,-2.79999995,
,,,370.80000038E-6,-2.79999995,
,,,371.20000343E-6,-2.6000001,
,,,371.60000647E-6,-2.6000001,
,,,372.00000952E-6,-2.0000000,
,,,372.40001257E-6,-2.6000001,
,,,372.79998651E-6,-2.2000000,
,,,373.19998955E-6,-2.2000000,
,,,373.59999260E-6,-1.4000000,
,,,373.99999565E-6,-1.6000000,
,,,374.39999869E-6,-1.000000,
,,,374.80000174E-6,-1.000000,
,,,375.20000478E-6,-600.000023842E-3,
,,,375.60000783E-6,-800.000011921E-3,
,,,376.00001087E-6,0.0,
,,,376.40001392E-6,200.00000298E-3,
,,,376.79998786E-6,400.00000596E-3,
,,,377.19999091E-6,400.00000596E-3,
,,,377.59999395E-6,800.000011921E-3,
,,,377.99999700E-6,800.000011921E-3,
,,,378.40000005E-6,1.2000000,
,,,378.80000309E-6,1.000000,
,,,379.20000614E-6,1.6000000,
,,,379.60000918E-6,1.4000000,
,,,380.00001223E-6,1.6000000,
,,,380.40001527E-6,1.6000000,
,,,380.79998922E-6,1.6000000,
,,,381.19999226E-6,1.8000001,
,,,381.59999531E-6,2.0000000,
,,,381.99999835E-6,2.2000000,
,,,382.40000140E-6,2.0000000,
,,,382.80000445E-6,2.0000000,
,,,383.20000749E-6,1.8000001,
,,,383.60001054E-6,1.8000001,
,,,384.00001358E-6,1.8000001,
,,,384.39998752E-6,1.4000000,
,,,384.79999057E-6,1.4000000,
,,,385.19999362E-6,1.4000000,
,,,385.59999666E-6,1.000000,
,,,385.99999971E-6,1.000000,
,,,386.40000275E-6,600.000023842E-3,
,,,386.80000580E-6,600.000023842E-3,
,,,387.20000884E-6,0.0,
,,,387.60001189E-6,200.00000298E-3,
,,,388.00001494E-6,-400.00000596E-3,
,,,388.39998888E-6,-600.000023842E-3,
,,,388.79999192E-6,-800.000011921E-3,
,,,389.19999497E-6,-1.000000,
,,,389.59999802E-6,-1.2000000,
,,,390.00000106E-6,-1.4000000,
,,,390.40000411E-6,-1.8000001,
,,,390.80000715E-6,-1.8000001,
,,,391.20001020E-6,-2.2000000,
,,,391.60001324E-6,-2.2000000,
,,,391.99998719E-6,-2.6000001,
,,,392.39999023E-6,-2.4000001,
,,,392.79999328E-6,-2.6000001,
,,,393.19999632E-6,-2.6000001,
,,,393.59999937E-6,-2.6000001,
,,,394.00000242E-6,-2.79999995,
,,,394.40000546E-6,-2.6000001,
,,,394.80000851E-6,-2.79999995,
,,,395.20001155E-6,-2.6000001,
,,,395.60001460E-6,-2.6000001,
,,,395.99998854E-6,-2.4000001,
,,,396.39999159E-6,-2.4000001,
,,,396.79999463E-6,-2.2000000,
,,,397.19999768E-6,-2.4000001,
,,,397.60000072E-6,-2.0000000,
,,,398.00000377E-6,-1.8000001,
,,,398.40000682E-6,-1.6000000,
,,,398.80000986E-6,-1.6000000,
,,,399.20001291E-6,-1.000000,
,,,399.59998685E-6,-1.2000000,
,,,399.99998990E-6,-800.000011921E-3,
,,,400.39999294E-6,-800.000011921E-3,
,,,400.79999599E-6,-400.00000596E-3,
,,,401.19999903E-6,-400.00000596E-3,
,,,401.60000208E-6,400.00000596E-3,
,,,402.00000512E-6,200.00000298E-3,
,,,402.40000817E-6,400.00000596E-3,
,,,402.80001122E-6,400.00000596E-3,
,,,403.20001426E-6,1.000000,
,,,403.599988203E-6,800.000011921E-3,
,,,403.999991249E-6,1.4000000,
,,,404.399994295E-6,1.2000000,
,,,404.799997341E-6,1.6000000,
,,,405.200000387E-6,1.8000001,
,,,405.600003432E-6,1.8000001,
,,,406.000006478E-6,1.6000000,
,,,406.400009524E-6,2.0000000,
,,,406.800012570E-6,2.0000000,
,,,407.200015616E-6,1.8000001,
,,,407.599989558E-6,1.8000001,
,,,407.999992603E-6,2.0000000,
,,,408.399995649E-6,1.6000000,
,,,408.799998695E-6,1.4000000,
,,,409.200001741E-6,1.8000001,
,,,409.600004787E-6,1.4000000,
,,,410.000007832E-6,1.4000000,
,,,410.400010878E-6,1.2000000,
,,,410.800013924E-6,800.000011921E-3,
,,,411.199987866E-6,800.000011921E-3,
,,,411.599990912E-6,800.000011921E-3,
,,,411.999993958E-6,200.00000298E-3,
,,,412.399997003E-6,0.0,
,,,412.800000049E-6,-200.00000298E-3,
,,,413.200003095E-6,-200.00000298E-3,
,,,413.600006141E-6,-600.000023842E-3,
,,,414.000009187E-6,-800.000011921E-3,
,,,414.400012232E-6,-800.000011921E-3,
,,,414.800015278E-6,-1.2000000,
,,,415.199989220E-6,-1.6000000,
,,,415.599992266E-6,-1.4000000,
,,,415.999995312E-6,-1.6000000,
,,,416.399998358E-6,-1.8000001,
,,,416.800001403E-6,-2.0000000,
,,,417.200004449E-6,-2.2000000,
,,,417.600007495E-6,-2.4000001,
,,,418.000010541E-6,-2.4000001,
,,,418.400013587E-6,-2.4000001,
,,,418.799987528E-6,-2.79999995,
,,,419.199990574E-6,-2.79999995,
,,,419.599993620E-6,-2.2000000,
,,,419.999996666E-6,-2.6000001,
,,,420.399999712E-6,-2.4000001,
,,,420.800002757E-6,-2.2000000,
,,,421.200005803E-6,-2.6000001,
,,,421.600008849E-6,-2.4000001,
,,,422.000011895E-6,-2.4000001,
,,,422.400014941E-6,-2.0000000,
,,,422.799988883E-6,-2.0000000,
,,,423.199991928E-6,-1.4000000,
,,,423.599994974E-6,-1.8000001,
,,,423.999998020E-6,-1.2000000,
,,,424.400001066E-6,-1.4000000,
,,,424.800004112E-6,-1.000000,
,,,425.200007157E-6,-800.000011921E-3,
,,,425.600010203E-6,-400.00000596E-3,
,,,426.000013249E-6,-400.00000596E-3,
,,,426.399987191E-6,200.00000298E-3,
,,,426.799990237E-6,0.0,
,,,427.199993283E-6,400.00000596E-3,
,,,427.599996328E-6,200.00000298E-3,
,,,427.999999374E-6,600.000023842E-3,
,,,428.400002420E-6,600.000023842E-3,
,,,428.800005466E-6,1.000000,
,,,429.200008512E-6,1.000000,
,,,429.600011557E-6,1.2000000,
,,,430.000014603E-6,1.4000000,
,,,430.399988545E-6,1.4000000,
,,,430.799991591E-6,1.6000000,
,,,431.199994637E-6,1.6000000,
,,,431.599997682E-6,1.8000001,
,,,432.000000728E-6,1.6000000,
,,,432.400003774E-6,1.8000001,
,,,432.800006820E-6,1.4000000,
,,,433.200009866E-6,1.8000001,
,,,433.600012911E-6,1.2000000,
,,,433.999986853E-6,1.6000000,
,,,434.399989899E-6,1.2000000,
,,,434.799992945E-6,1.2000000,
,,,435.199995991E-6,1.000000,
,,,435.599999037E-6,1.000000,
,,,436.000002082E-6,600.000023842E-3,
,,,436.400005128E-6,800.000011921E-3,
,,,436.800008174E-6,600.000023842E-3,
,,,437.200011220E-6,200.00000298E-3,
,,,437.600014266E-6,0.0,
,,,437.999988208E-6,200.00000298E-3,
,,,438.399991253E-6,-400.00000596E-3,
,,,438.799994299E-6,-400.00000596E-3,
,,,439.199997345E-6,-1.000000,
,,,439.600000391E-6,-800.000011921E-3,
,,,440.000003437E-6,-1.2000000,
,,,440.400006482E-6,-1.6000000,
,,,440.800009528E-6,-1.4000000,
,,,441.200012574E-6,-1.2000000,
,,,441.600015620E-6,-1.8000001,
,,,441.999989562E-6,-1.8000001,
,,,442.399992608E-6,-2.0000000,
,,,442.799995653E-6,-2.2000000,
,,,443.199998699E-6,-2.4000001,
,,,443.600001745E-6,-2.4000001,
,,,444.000004791E-6,-2.2000000,
,,,444.400007837E-6,-2.4000001,
,,,444.800010882E-6,-2.2000000,
,,,445.200013928E-6,-2.6000001,
,,,445.599987870E-6,-2.2000000,
,,,445.999990916E-6,-2.0000000,
,,,446.399993962E-6,-2.4000001,
,,,446.799997007E-6,-2.2000000,
,,,447.200000053E-6,-2.0000000,
,,,447.600003099E-6,-2.0000000,
,,,448.000006145E-6,-1.8000001,
,,,448.400009191E-6,-1.6000000,
,,,448.800012236E-6,-1.6000000,
,,,449.200015282E-6,-1.4000000,
,,,449.599989224E-6,-1.2000000,
,,,449.999992270E-6,-1.2000000,
,,,450.399995316E-6,-600.000023842E-3,
,,,450.799998362E-6,-400.00000596E-3,
,,,451.200001407E-6,0.0,
,,,451.600004453E-6,-400.00000596E-3,
,,,452.000007499E-6,0.0,
,,,452.400010545E-6,0.0,
,,,452.800013591E-6,400.00000596E-3,
,,,453.199987533E-6,600.000023842E-3,
,,,453.599990578E-6,1.000000,
,,,453.999993624E-6,800.000011921E-3,
,,,454.399996670E-6,800.000011921E-3,
,,,454.799999716E-6,1.2000000,
,,,455.200002762E-6,1.2000000,
,,,455.600005807E-6,1.6000000,
,,,456.000008853E-6,1.6000000,
,,,456.400011899E-6,1.4000000,
,,,456.800014945E-6,1.4000000,
,,,457.199988887E-6,1.6000000,
,,,457.599991933E-6,1.6000000,
,,,457.999994978E-6,1.6000000,
,,,458.399998024E-6,1.4000000,
,,,458.800001070E-6,1.4000000,
,,,459.200004116E-6,1.2000000,
,,,459.600007161E-6,1.2000000,
,,,460.000010207E-6,1.000000,
,,,460.400013253E-6,1.2000000,
,,,460.799987195E-6,800.000011921E-3,
,,,461.199990241E-6,1.000000,
,,,461.599993287E-6,600.000023842E-3,
,,,461.999996332E-6,400.00000596E-3,
,,,462.399999378E-6,200.00000298E-3,
,,,462.800002424E-6,200.00000298E-3,
,,,463.200005470E-6,0.0,
,,,463.600008516E-6,-400.00000596E-3,
,,,464.000011561E-6,-600.000023842E-3,
,,,464.400014607E-6,-400.00000596E-3,
,,,464.799988549E-6,-1.000000,
,,,465.199991595E-6,-800.000011921E-3,
,,,465.599994641E-6,-1.2000000,
,,,465.999997687E-6,-1.4000000,
,,,466.400000732E-6,-1.6000000,
,,,466.800003778E-6,-2.0000000,
,,,467.200006824E-6,-1.8000001,
,,,467.600009870E-6,-1.8000001,
,,,468.000012916E-6,-2.0000000,
,,,468.400015961E-6,-2.2000000,
,,,468.799989903E-6,-2.0000000,
,,,469.199992949E-6,-2.6000001,
,,,469.599995995E-6,-2.0000000,
,,,469.999999041E-6,-2.4000001,
,,,470.400002087E-6,-2.0000000,
,,,470.800005132E-6,-2.2000000,
,,,471.200008178E-6,-2.0000000,
,,,471.600011224E-6,-2.0000000,
,,,472.000014270E-6,-1.8000001,
,,,472.399988212E-6,-1.6000000,
,,,472.799991257E-6,-1.8000001,
,,,473.199994303E-6,-1.8000001,
,,,473.599997349E-6,-1.2000000,
,,,474.000000395E-6,-1.6000000,
,,,474.400003441E-6,-1.2000000,
,,,474.800006486E-6,-1.2000000,
,,,475.200009532E-6,-800.000011921E-3,
,,,475.600012578E-6,-600.000023842E-3,
,,,476.000015624E-6,-600.000023842E-3,
,,,476.399989566E-6,-600.000023842E-3,
,,,476.799992612E-6,200.00000298E-3,
,,,477.199995657E-6,-200.00000298E-3,
,,,477.599998703E-6,0.0,
,,,478.000001749E-6,0.0,
,,,478.400004795E-6,600.000023842E-3,
,,,478.800007841E-6,600.000023842E-3,
,,,479.200010886E-6,600.000023842E-3,
,,,479.600013932E-6,800.000011921E-3,
,,,479.999987874E-6,800.000011921E-3,
,,,480.399990920E-6,800.000011921E-3,
,,,480.799993966E-6,1.2000000,
,,,481.199997012E-6,1.2000000,
,,,481.600000057E-6,1.2000000,
,,,482.000003103E-6,1.4000000,
,,,482.400006149E-6,1.2000000,
,,,482.800009195E-6,1.2000000,
,,,483.200012241E-6,1.4000000,
,,,483.600015286E-6,1.2000000,
,,,483.999989228E-6,1.4000000,
,,,484.399992274E-6,1.4000000,
,,,484.799995320E-6,1.2000000,
,,,485.199998366E-6,1.000000,
,,,485.600001412E-6,800.000011921E-3,
,,,486.000004457E-6,800.000011921E-3,
,,,486.400007503E-6,400.00000596E-3,
,,,486.800010549E-6,600.000023842E-3,
,,,487.200013595E-6,400.00000596E-3,
,,,487.599987537E-6,200.00000298E-3,
,,,487.999990582E-6,0.0,
,,,488.399993628E-6,-200.00000298E-3,
,,,488.799996674E-6,-200.00000298E-3,
,,,489.199999720E-6,-400.00000596E-3,
,,,489.600002766E-6,-800.000011921E-3,
,,,490.000005811E-6,-800.000011921E-3,
,,,490.400008857E-6,-1.000000,
,,,490.800011903E-6,-1.000000,
,,,491.200014949E-6,-1.2000000,
,,,491.600017995E-6,-1.2000000,
,,,492.000021040E-6,-1.6000000,
,,,492.400024086E-6,-1.6000000,
,,,492.800027132E-6,-2.0000000,
,,,493.200030178E-6,-2.0000000,
,,,493.599975016E-6,-1.8000001,
,,,493.999978062E-6,-1.8000001,
,,,494.399981108E-6,-2.0000000,
,,,494.799984153E-6,-2.0000000,
,,,495.199987199E-6,-2.0000000,
,,,495.599990245E-6,-2.0000000,
,,,495.999993291E-6,-1.8000001,
,,,496.399996337E-6,-2.0000000,
,,,496.799999382E-6,-2.0000000,
,,,497.200002428E-6,-2.0000000,
,,,497.600005474E-6,-1.8000001,
,,,498.000008520E-6,-1.6000000,
,,,498.400011566E-6,-1.6000000,
,,,498.800014611E-6,-1.4000000,
,,,499.200017657E-6,-1.000000,
,,,499.600020703E-6,-1.4000000,
,,,500.000023749E-6,-1.000000,
,,,500.400026795E-6,-1.2000000,
,,,500.800029840E-6,-600.000023842E-3,
,,,501.199974678E-6,-800.000011921E-3,
,,,501.599977724E-6,-200.00000298E-3,
,,,501.999980770E-6,-200.00000298E-3,
,,,502.399983816E-6,0.0,
,,,502.799986862E-6,0.0,
,,,503.199989907E-6,200.00000298E-3,
,,,503.599992953E-6,400.00000596E-3,
,,,503.999995999E-6,600.000023842E-3,
,,,504.399999045E-6,600.000023842E-3,
,,,504.800002091E-6,800.000011921E-3,
,,,505.200005136E-6,800.000011921E-3,
,,,505.600008182E-6,1.000000,
,,,506.000011228E-6,1.000000,
,,,506.400014274E-6,1.2000000,
,,,506.800017320E-6,1.2000000,
,,,507.200020365E-6,1.2000000,
,,,507.600023411E-6,1.000000,
,,,508.000026457E-6,1.2000000,
,,,508.400029503E-6,1.4000000,
,,,508.799974341E-6,800.000011921E-3,
,,,509.199977387E-6,1.2000000,
,,,509.599980433E-6,1.000000,
,,,509.999983478E-6,1.000000,
,,,510.399986524E-6,800.000011921E-3,
,,,510.799989570E-6,800.000011921E-3,
,,,511.199992616E-6,800.000011921E-3,
,,,511.599995662E-6,600.000023842E-3,
,,,511.999998707E-6,200.00000298E-3,
,,,512.400001753E-6,600.000023842E-3,
,,,512.800004799E-6,200.00000298E-3,
,,,513.200007845E-6,200.00000298E-3,
,,,513.600010891E-6,-400.00000596E-3,
,,,514.000013936E-6,-400.00000596E-3,
,,,514.400016982E-6,-600.000023842E-3,
,,,514.800020028E-6,-600.000023842E-3,
,,,515.200023074E-6,-800.000011921E-3,
,,,515.600026120E-6,-800.000011921E-3,
,,,516.000029165E-6,-1.2000000,
,,,516.399974003E-6,-1.4000000,
,,,516.799977049E-6,-1.4000000,
,,,517.199980095E-6,-1.2000000,
,,,517.599983141E-6,-1.6000000,
,,,517.999986187E-6,-1.6000000,
,,,518.399989232E-6,-1.4000000,
,,,518.799992278E-6,-1.8000001,
,,,519.199995324E-6,-1.8000001,
,,,519.599998370E-6,-2.0000000,
,,,520.000001416E-6,-1.8000001,
,,,520.400004461E-6,-2.0000000,
,,,520.800007507E-6,-2.0000000,
,,,521.200010553E-6,-1.8000001,
,,,521.600013599E-6,-1.8000001,
,,,522.000016645E-6,-2.0000000,
,,,522.400019690E-6,-1.8000001,
,,,522.800022736E-6,-1.8000001,
,,,523.200025782E-6,-1.4000000,
,,,523.600028828E-6,-1.8000001,
,,,523.999973666E-6,-1.2000000,
,,,524.399976712E-6,-1.6000000,
,,,524.799979758E-6,-800.000011921E-3,
,,,525.199982803E-6,-1.000000,
,,,525.599985849E-6,-800.000011921E-3,
,,,525.999988895E-6,-800.000011921E-3,
,,,526.399991941E-6,-400.00000596E-3,
,,,526.799994987E-6,-800.000011921E-3,
,,,527.199998032E-6,-200.00000298E-3,
,,,527.600001078E-6,-200.00000298E-3,
,,,528.000004124E-6,200.00000298E-3,
,,,528.400007170E-6,200.00000298E-3,
,,,528.800010215E-6,400.00000596E-3,
,,,529.200013261E-6,400.00000596E-3,
,,,529.600016307E-6,600.000023842E-3,
,,,530.000019353E-6,800.000011921E-3,
,,,530.400022399E-6,800.000011921E-3,
,,,530.800025444E-6,600.000023842E-3,
,,,531.200028490E-6,800.000011921E-3,
,,,531.600031536E-6,600.000023842E-3,
,,,531.999976374E-6,1.000000,
,,,532.399979420E-6,1.000000,
,,,532.799982466E-6,1.2000000,
,,,533.199985512E-6,1.2000000,
,,,533.599988557E-6,1.000000,
,,,533.999991603E-6,1.000000,
,,,534.399994649E-6,1.000000,
,,,534.799997695E-6,1.000000,
,,,535.200000741E-6,1.000000,
,,,535.600003786E-6,1.000000,
,,,536.000006832E-6,800.000011921E-3,
,,,536.400009878E-6,600.000023842E-3,
,,,536.800012924E-6,400.00000596E-3,
,,,537.200015970E-6,600.000023842E-3,
,,,537.600019015E-6,200.00000298E-3,
,,,538.000022061E-6,200.00000298E-3,
,,,538.400025107E-6,0.0,
,,,538.800028153E-6,-200.00000298E-3,
,,,539.200031199E-6,-200.00000298E-3,
,,,539.599976037E-6,-400.00000596E-3,
,,,539.999979082E-6,-600.000023842E-3,
,,,540.399982128E-6,-600.000023842E-3,
,,,540.799985174E-6,-1.000000,
,,,541.199988220E-6,-1.000000,
,,,541.599991266E-6,-1.000000,
,,,541.999994311E-6,-1.2000000,
,,,542.399997357E-6,-1.4000000,
,,,542.800000403E-6,-1.4000000,
,,,543.200003449E-6,-1.8000001,
,,,543.600006495E-6,-1.6000000,
,,,544.000009540E-6,-1.6000000,
,,,544.400012586E-6,-1.6000000,
,,,544.800015632E-6,-1.6000000,
,,,545.200018678E-6,-1.6000000,
,,,545.600021724E-6,-1.8000001,
,,,546.000024769E-6,-1.8000001,
,,,546.400027815E-6,-2.0000000,
,,,546.800030861E-6,-1.6000000,
,,,547.199975699E-6,-1.6000000,
,,,547.599978745E-6,-1.8000001,
,,,547.999981791E-6,-1.2000000,
,,,548.399984837E-6,-2.0000000,
,,,548.799987882E-6,-1.4000000,
,,,549.199990928E-6,-1.2000000,
,,,549.599993974E-6,-1.2000000,
,,,549.999997020E-6,-1.2000000,
,,,550.400000066E-6,-1.000000,
,,,550.800003111E-6,-1.000000,
,,,551.200006157E-6,-800.000011921E-3,
,,,551.600009203E-6,-800.000011921E-3,
,,,552.000012249E-6,-200.00000298E-3,
,,,552.400015295E-6,-400.00000596E-3,
,,,552.800018340E-6,0.0,
,,,553.200021386E-6,0.0,
,,,553.600024432E-6,200.00000298E-3,
,,,554.000027478E-6,200.00000298E-3,
,,,554.400030524E-6,200.00000298E-3,
,,,554.799975362E-6,400.00000596E-3,
,,,555.199978407E-6,600.000023842E-3,
,,,555.599981453E-6,800.000011921E-3,
,,,555.999984499E-6,600.000023842E-3,
,,,556.399987545E-6,1.000000,
,,,556.799990591E-6,600.000023842E-3,
,,,557.199993636E-6,800.000011921E-3,
,,,557.599996682E-6,1.000000,
,,,557.999999728E-6,800.000011921E-3,
,,,558.400002774E-6,800.000011921E-3,
,,,558.800005820E-6,1.000000,
,,,559.200008865E-6,1.000000,
,,,559.600011911E-6,1.2000000,
,,,560.000014957E-6,1.000000,
,,,560.400018003E-6,600.000023842E-3,
,,,560.800021049E-6,600.000023842E-3,
,,,561.200024094E-6,800.000011921E-3,
,,,561.600027140E-6,600.000023842E-3,
,,,562.000030186E-6,600.000023842E-3,
,,,562.399975024E-6,200.00000298E-3,
,,,562.799978070E-6,200.00000298E-3,
,,,563.199981116E-6,200.00000298E-3,
,,,563.599984162E-6,200.00000298E-3,
,,,563.999987207E-6,-200.00000298E-3,
,,,564.399990253E-6,0.0,
,,,564.799993299E-6,-400.00000596E-3,
,,,565.199996345E-6,-400.00000596E-3,
,,,565.599999391E-6,-600.000023842E-3,
,,,566.000002436E-6,-1.000000,
,,,566.400005482E-6,-1.000000,
,,,566.800008528E-6,-1.2000000,
,,,567.200011574E-6,-1.4000000,
,,,567.600014620E-6,-1.2000000,
,,,568.000017665E-6,-1.4000000,
,,,568.400020711E-6,-1.2000000,
,,,568.800023757E-6,-1.8000001,
,,,569.200026803E-6,-1.6000000,
,,,569.600029849E-6,-1.8000001,
,,,569.999974687E-6,-1.8000001,
,,,570.399977732E-6,-1.8000001,
,,,570.799980778E-6,-1.8000001,
,,,571.199983824E-6,-1.8000001,
,,,571.599986870E-6,-1.8000001,
,,,571.999989916E-6,-1.8000001,
,,,572.399992961E-6,-1.8000001,
,,,572.799996007E-6,-1.8000001,
,,,573.199999053E-6,-1.8000001,
,,,573.600002099E-6,-1.6000000,
,,,574.000005145E-6,-1.6000000,
,,,574.400008190E-6,-1.2000000,
,,,574.800011236E-6,-1.4000000,
,,,575.200014282E-6,-1.000000,
,,,575.600017328E-6,-1.2000000,
,,,576.000020374E-6,-1.000000,
,,,576.400023419E-6,-1.000000,
,,,576.800026465E-6,-600.000023842E-3,
,,,577.200029511E-6,-800.000011921E-3,
,,,577.599974349E-6,-200.00000298E-3,
,,,577.999977395E-6,-200.00000298E-3,
,,,578.399980441E-6,0.0,
,,,578.799983487E-6,-200.00000298E-3,
,,,579.199986532E-6,400.00000596E-3,
,,,579.599989578E-6,200.00000298E-3,
,,,579.999992624E-6,400.00000596E-3,
,,,580.399995670E-6,400.00000596E-3,
,,,580.799998716E-6,800.000011921E-3,
,,,581.200001761E-6,600.000023842E-3,
,,,581.600004807E-6,800.000011921E-3,
,,,582.000007853E-6,800.000011921E-3,
,,,582.400010899E-6,800.000011921E-3,
,,,582.800013945E-6,800.000011921E-3,
,,,583.200016990E-6,1.000000,
,,,583.600020036E-6,800.000011921E-3,
,,,584.000023082E-6,1.000000,
,,,584.400026128E-6,1.000000,
,,,584.800029173E-6,800.000011921E-3,
,,,585.200032219E-6,1.000000,
,,,585.599977057E-6,800.000011921E-3,
,,,585.999980103E-6,800.000011921E-3,
,,,586.399983149E-6,800.000011921E-3,
,,,586.799986195E-6,600.000023842E-3,
,,,587.199989241E-6,400.00000596E-3,
,,,587.599992286E-6,600.000023842E-3,
,,,587.999995332E-6,200.00000298E-3,
,,,588.399998378E-6,200.00000298E-3,
,,,588.800001424E-6,-200.00000298E-3,
,,,589.200004470E-6,0.0,
,,,589.600007515E-6,-200.00000298E-3,
,,,590.000010561E-6,-400.00000596E-3,
,,,590.400013607E-6,-600.000023842E-3,
,,,590.800016653E-6,-600.000023842E-3,
,,,591.200019699E-6,-800.000011921E-3,
,,,591.600022744E-6,-600.000023842E-3,
,,,592.000025790E-6,-1.000000,
,,,592.400028836E-6,-1.000000,
,,,592.800031882E-6,-1.6000000,
,,,593.199976720E-6,-1.4000000,
,,,593.599979766E-6,-1.6000000,
,,,593.999982812E-6,-1.4000000,
,,,594.399985857E-6,-1.4000000,
,,,594.799988903E-6,-1.2000000,
,,,595.199991949E-6,-1.6000000,
,,,595.599994995E-6,-1.6000000,
,,,595.999998040E-6,-1.8000001,
,,,596.400001086E-6,-1.6000000,
,,,596.800004132E-6,-1.6000000,
,,,597.200007178E-6,-1.8000001,
,,,597.600010224E-6,-1.6000000,
,,,598.000013269E-6,-1.6000000,
,,,598.400016315E-6,-1.4000000,
,,,598.800019361E-6,-1.6000000,
,,,599.200022407E-6,-1.4000000,
,,,599.600025453E-6,-1.2000000,
,,,600.000028498E-6,-1.2000000,
,,,600.400031544E-6,-1.000000,
,,,600.799976382E-6,-1.000000,
,,,601.199979428E-6,-1.2000000,
,,,601.599982474E-6,-800.000011921E-3,
,,,601.999985520E-6,-600.000023842E-3,
,,,602.399988566E-6,-200.00000298E-3,
,,,602.799991611E-6,-400.00000596E-3,
,,,603.199994657E-6,-200.00000298E-3,
,,,603.599997703E-6,-200.00000298E-3,
,,,604.000000749E-6,0.0,
,,,604.400003795E-6,0.0,
,,,604.800006840E-6,200.00000298E-3,
,,,605.200009886E-6,200.00000298E-3,
,,,605.600012932E-6,400.00000596E-3,
,,,606.000015978E-6,400.00000596E-3,
,,,606.400019024E-6,600.000023842E-3,
,,,606.800022069E-6,400.00000596E-3,
,,,607.200025115E-6,800.000011921E-3,
,,,607.600028161E-6,800.000011921E-3,
,,,608.000031207E-6,1.000000,
,,,608.399976045E-6,800.000011921E-3,
,,,608.799979091E-6,800.000011921E-3,
,,,609.199982136E-6,1.000000,
,,,609.599985182E-6,1.000000,
,,,609.999988228E-6,800.000011921E-3,
,,,610.399991274E-6,800.000011921E-3,
,,,610.799994320E-6,800.000011921E-3,
,,,611.199997365E-6,600.000023842E-3,
,,,611.600000411E-6,600.000023842E-3,
,,,612.000003457E-6,600.000023842E-3,
,,,612.400006503E-6,400.00000596E-3,
,,,612.800009549E-6,200.00000298E-3,
,,,613.200012594E-6,400.00000596E-3,
,,,613.600015640E-6,0.0,
,,,614.000018686E-6,200.00000298E-3,
,,,614.400021732E-6,0.0,
,,,614.800024778E-6,0.0,
,,,615.200027823E-6,-200.00000298E-3,
,,,615.600030869E-6,-400.00000596E-3,
,,,615.999975707E-6,-600.000023842E-3,
,,,616.399978753E-6,-800.000011921E-3,
,,,616.799981799E-6,-800.000011921E-3,
,,,617.199984845E-6,-1.000000,
,,,617.599987891E-6,-1.000000,
,,,617.999990936E-6,-1.000000,
,,,618.399993982E-6,-1.4000000,
,,,618.799997028E-6,-1.2000000,
,,,619.200000074E-6,-1.4000000,
,,,619.600003120E-6,-1.4000000,
,,,620.000006165E-6,-1.6000000,
,,,620.400009211E-6,-1.8000001,
,,,620.800012257E-6,-1.6000000,
,,,621.200015303E-6,-1.6000000,
,,,621.600018349E-6,-1.8000001,
,,,622.000021394E-6,-1.6000000,
,,,622.400024440E-6,-1.6000000,
,,,622.800027486E-6,-1.6000000,
,,,623.200030532E-6,-1.6000000,
,,,623.599975370E-6,-1.4000000,
,,,623.999978416E-6,-1.2000000,
,,,624.399981461E-6,-1.4000000,
,,,624.799984507E-6,-1.2000000,
,,,625.199987553E-6,-1.4000000,
,,,625.599990599E-6,-1.2000000,
,,,625.999993645E-6,-1.2000000,
,,,626.399996690E-6,-800.000011921E-3,
,,,626.799999736E-6,-1.000000,
,,,627.200002782E-6,-600.000023842E-3,
,,,627.600005828E-6,-400.00000596E-3,
,,,628.000008874E-6,-400.00000596E-3,
,,,628.400011919E-6,-200.00000298E-3,
,,,628.800014965E-6,0.0,
,,,629.200018011E-6,0.0,
,,,629.600021057E-6,0.0,
,,,630.000024103E-6,200.00000298E-3,
,,,630.400027148E-6,200.00000298E-3,
,,,630.800030194E-6,400.00000596E-3,
,,,631.199975032E-6,800.000011921E-3,
,,,631.599978078E-6,600.000023842E-3,
,,,631.999981124E-6,1.000000,
,,,632.399984170E-6,800.000011921E-3,
,,,632.799987216E-6,600.000023842E-3,
,,,633.199990261E-6,800.000011921E-3,
,,,633.599993307E-6,800.000011921E-3,
,,,633.999996353E-6,1.000000,
,,,634.399999399E-6,800.000011921E-3,
,,,634.800002445E-6,800.000011921E-3,
,,,635.200005490E-6,800.000011921E-3,
,,,635.600008536E-6,800.000011921E-3,
,,,636.000011582E-6,800.000011921E-3,
,,,636.400014628E-6,800.000011921E-3,
,,,636.800017674E-6,600.000023842E-3,
,,,637.200020719E-6,600.000023842E-3,
,,,637.600023765E-6,200.00000298E-3,
,,,638.000026811E-6,600.000023842E-3,
,,,638.400029857E-6,200.00000298E-3,
,,,638.799974695E-6,200.00000298E-3,
,,,639.199977741E-6,0.0,
,,,639.599980786E-6,200.00000298E-3,
,,,639.999983832E-6,-200.00000298E-3,
,,,640.399986878E-6,-400.00000596E-3,
,,,640.799989924E-6,-600.000023842E-3,
,,,641.199992970E-6,-600.000023842E-3,
,,,641.599996015E-6,-600.000023842E-3,
,,,641.999999061E-6,-600.000023842E-3,
,,,642.400002107E-6,-800.000011921E-3,
,,,642.800005153E-6,-1.000000,
,,,643.200008199E-6,-1.000000,
,,,643.600011244E-6,-1.2000000,
,,,644.000014290E-6,-1.4000000,
,,,644.400017336E-6,-1.2000000,
,,,644.800020382E-6,-1.8000001,
,,,645.200023428E-6,-1.6000000,
,,,645.600026473E-6,-1.4000000,
,,,646.000029519E-6,-1.4000000,
,,,646.400032565E-6,-1.6000000,
,,,646.799977403E-6,-1.8000001,
,,,647.199980449E-6,-1.6000000,
,,,647.599983495E-6,-1.8000001,
,,,647.999986541E-6,-1.8000001,
,,,648.399989586E-6,-1.6000000,
,,,648.799992632E-6,-1.4000000,
,,,649.199995678E-6,-1.6000000,
,,,649.599998724E-6,-1.4000000,
,,,650.000001770E-6,-1.2000000,
,,,650.400004815E-6,-1.000000,
,,,650.800007861E-6,-1.2000000,
,,,651.200010907E-6,-1.000000,
,,,651.600013953E-6,-1.2000000,
,,,652.000016998E-6,-600.000023842E-3,
,,,652.400020044E-6,-800.000011921E-3,
,,,652.800023090E-6,-400.00000596E-3,
,,,653.200026136E-6,-400.00000596E-3,
,,,653.600029182E-6,0.0,
,,,654.000032227E-6,-400.00000596E-3,
,,,654.399977066E-6,200.00000298E-3,
,,,654.799980111E-6,0.0,
,,,655.199983157E-6,400.00000596E-3,
,,,655.599986203E-6,200.00000298E-3,
,,,655.999989249E-6,400.00000596E-3,
,,,656.399992295E-6,400.00000596E-3,
,,,656.799995340E-6,600.000023842E-3,
,,,657.199998386E-6,600.000023842E-3,
,,,657.600001432E-6,600.000023842E-3,
,,,658.000004478E-6,800.000011921E-3,
,,,658.400007524E-6,800.000011921E-3,
,,,658.800010569E-6,600.000023842E-3,
,,,659.200013615E-6,800.000011921E-3,
,,,659.600016661E-6,800.000011921E-3,
,,,660.000019707E-6,800.000011921E-3,
,,,660.400022753E-6,800.000011921E-3,
,,,660.800025798E-6,800.000011921E-3,
,,,661.200028844E-6,800.000011921E-3,
,,,661.600031890E-6,400.00000596E-3,
,,,661.999976728E-6,600.000023842E-3,
,,,662.399979774E-6,600.000023842E-3,
,,,662.799982820E-6,600.000023842E-3,
,,,663.199985866E-6,400.00000596E-3,
,,,663.599988911E-6,400.00000596E-3,
,,,663.999991957E-6,200.00000298E-3,
,,,664.399995003E-6,200.00000298E-3,
,,,664.799998049E-6,0.0,
,,,665.200001094E-6,-200.00000298E-3,
,,,665.600004140E-6,-200.00000298E-3,
,,,666.000007186E-6,-400.00000596E-3,
,,,666.400010232E-6,-600.000023842E-3,
,,,666.800013278E-6,-600.000023842E-3,
,,,667.200016323E-6,-800.000011921E-3,
,,,667.600019369E-6,-1.000000,
,,,668.000022415E-6,-1.2000000,
,,,668.400025461E-6,-1.4000000,
,,,668.800028507E-6,-1.2000000,
,,,669.200031552E-6,-1.2000000,
,,,669.599976391E-6,-1.6000000,
,,,669.999979436E-6,-1.6000000,
,,,670.399982482E-6,-1.4000000,
,,,670.799985528E-6,-1.6000000,
,,,671.199988574E-6,-1.4000000,
,,,671.599991620E-6,-1.4000000,
,,,671.999994665E-6,-1.8000001,
,,,672.399997711E-6,-1.6000000,
,,,672.800000757E-6,-1.4000000,
,,,673.200003803E-6,-1.8000001,
,,,673.600006849E-6,-1.2000000,
,,,674.000009894E-6,-1.2000000,
,,,674.400012940E-6,-1.2000000,
,,,674.800015986E-6,-1.6000000,
,,,675.200019032E-6,-1.2000000,
,,,675.600022078E-6,-1.2000000,
,,,676.000025123E-6,-1.000000,
,,,676.400028169E-6,-1.2000000,
,,,676.800031215E-6,-1.000000,
,,,677.199976053E-6,-800.000011921E-3,
,,,677.599979099E-6,-800.000011921E-3,
,,,677.999982145E-6,-800.000011921E-3,
,,,678.399985190E-6,-400.00000596E-3,
,,,678.799988236E-6,-400.00000596E-3,
,,,679.199991282E-6,0.0,
,,,679.599994328E-6,-200.00000298E-3,
,,,679.999997374E-6,0.0,
,,,680.400000419E-6,200.00000298E-3,
,,,680.800003465E-6,200.00000298E-3,
,,,681.200006511E-6,0.0,
,,,681.600009557E-6,600.000023842E-3,
,,,682.000012603E-6,400.00000596E-3,
,,,682.400015648E-6,800.000011921E-3,
,,,682.800018694E-6,800.000011921E-3,
,,,683.200021740E-6,600.000023842E-3,
,,,683.600024786E-6,1.000000,
,,,684.000027832E-6,800.000011921E-3,
,,,684.400030877E-6,800.000011921E-3,
,,,684.799975716E-6,800.000011921E-3,
,,,685.199978761E-6,600.000023842E-3,
,,,685.599981807E-6,600.000023842E-3,
,,,685.999984853E-6,800.000011921E-3,
,,,686.399987899E-6,400.00000596E-3,
,,,686.799990945E-6,600.000023842E-3,
,,,687.199993990E-6,400.00000596E-3,
,,,687.599997036E-6,600.000023842E-3,
,,,688.000000082E-6,200.00000298E-3,
,,,688.400003128E-6,400.00000596E-3,
,,,688.800006174E-6,400.00000596E-3,
,,,689.200009219E-6,200.00000298E-3,
,,,689.600012265E-6,0.0,
,,,690.000015311E-6,-200.00000298E-3,
,,,690.400018357E-6,0.0,
,,,690.800021403E-6,-200.00000298E-3,
,,,691.200024448E-6,-400.00000596E-3,
,,,691.600027494E-6,-400.00000596E-3,
,,,692.000030540E-6,-600.000023842E-3,
,,,692.399975378E-6,-800.000011921E-3,
,,,692.799978424E-6,-800.000011921E-3,
,,,693.199981470E-6,-1.000000,
,,,693.599984515E-6,-1.000000,
,,,693.999987561E-6,-1.000000,
,,,694.399990607E-6,-1.000000,
,,,694.799993653E-6,-1.4000000,
,,,695.199996699E-6,-1.4000000,
,,,695.599999744E-6,-1.4000000,
,,,696.000002790E-6,-1.2000000,
,,,696.400005836E-6,-1.6000000,
,,,696.800008882E-6,-1.4000000,
,,,697.200011928E-6,-1.6000000,
,,,697.600014973E-6,-1.8000001,
,,,698.000018019E-6,-1.4000000,
,,,698.400021065E-6,-1.4000000,
,,,698.800024111E-6,-1.6000000,
,,,699.200027157E-6,-1.6000000,
,,,699.600030202E-6,-1.8000001,
,,,700.000033248E-6,-1.2000000,
,,,700.399978086E-6,-1.2000000,
,,,700.799981132E-6,-1.000000,
,,,701.199984178E-6,-1.2000000,
,,,701.599987224E-6,-1.000000,
,,,701.999990270E-6,-800.000011921E-3,
,,,702.399993315E-6,-600.000023842E-3,
,,,702.799996361E-6,-600.000023842E-3,
,,,703.199999407E-6,-400.00000596E-3,
,,,703.600002453E-6,-400.00000596E-3,
,,,704.000005499E-6,-200.00000298E-3,
,,,704.400008544E-6,-200.00000298E-3,
,,,704.800011590E-6,200.00000298E-3,
,,,705.200014636E-6,-200.00000298E-3,
,,,705.600017682E-6,200.00000298E-3,
,,,706.000020728E-6,0.0,
,,,706.400023773E-6,800.000011921E-3,
,,,706.800026819E-6,600.000023842E-3,
,,,707.200029865E-6,400.00000596E-3,
,,,707.600032911E-6,400.00000596E-3,
,,,707.999977749E-6,600.000023842E-3,
,,,708.399980795E-6,800.000011921E-3,
,,,708.799983840E-6,600.000023842E-3,
,,,709.199986886E-6,1.000000,
,,,709.599989932E-6,800.000011921E-3,
,,,709.999992978E-6,800.000011921E-3,
,,,710.399996024E-6,800.000011921E-3,
,,,710.799999069E-6,600.000023842E-3,
,,,711.200002115E-6,600.000023842E-3,
,,,711.600005161E-6,600.000023842E-3,
,,,712.000008207E-6,600.000023842E-3,
,,,712.400011253E-6,600.000023842E-3,
,,,712.800014298E-6,400.00000596E-3,
,,,713.200017344E-6,400.00000596E-3,
,,,713.600020390E-6,200.00000298E-3,
,,,714.000023436E-6,200.00000298E-3,
,,,714.400026482E-6,200.00000298E-3,
,,,714.800029527E-6,200.00000298E-3,
,,,715.200032573E-6,-200.00000298E-3,
,,,715.599977411E-6,-200.00000298E-3,
,,,715.999980457E-6,-400.00000596E-3,
,,,716.399983503E-6,-400.00000596E-3,
,,,716.799986549E-6,-600.000023842E-3,
,,,717.199989595E-6,-800.000011921E-3,
,,,717.599992640E-6,-800.000011921E-3,
,,,717.999995686E-6,-1.000000,
,,,718.399998732E-6,-1.2000000,
,,,718.800001778E-6,-1.000000,
,,,719.200004824E-6,-1.2000000,
,,,719.600007869E-6,-1.2000000,
,,,720.000010915E-6,-1.4000000,
,,,720.400013961E-6,-1.6000000,
,,,720.800017007E-6,-1.6000000,
,,,721.200020052E-6,-1.6000000,
,,,721.600023098E-6,-1.4000000,
,,,722.000026144E-6,-1.2000000,
,,,722.400029190E-6,-1.4000000,
,,,722.800032236E-6,-1.6000000,
,,,723.199977074E-6,-1.4000000,
,,,723.599980120E-6,-1.4000000,
,,,723.999983165E-6,-1.6000000,
,,,724.399986211E-6,-1.2000000,
,,,724.799989257E-6,-1.2000000,
,,,725.199992303E-6,-1.6000000,
,,,725.599995349E-6,-1.4000000,
,,,725.999998394E-6,-1.4000000,
,,,726.400001440E-6,-1.000000,
,,,726.800004486E-6,-1.2000000,
,,,727.200007532E-6,-800.000011921E-3,
,,,727.600010578E-6,-800.000011921E-3,
,,,728.000013623E-6,-400.00000596E-3,
,,,728.400016669E-6,-400.00000596E-3,
,,,728.800019715E-6,-200.00000298E-3,
,,,729.200022761E-6,-200.00000298E-3,
,,,729.600025807E-6,-200.00000298E-3,
,,,730.000028852E-6,200.00000298E-3,
,,,730.400031898E-6,200.00000298E-3,
,,,730.799976736E-6,200.00000298E-3,
,,,731.199979782E-6,400.00000596E-3,
,,,731.599982828E-6,400.00000596E-3,
,,,731.999985874E-6,600.000023842E-3,
,,,732.399988919E-6,400.00000596E-3,
,,,732.799991965E-6,400.00000596E-3,
,,,733.199995011E-6,600.000023842E-3,
,,,733.599998057E-6,600.000023842E-3,
,,,734.000001103E-6,600.000023842E-3,
,,,734.400004148E-6,600.000023842E-3,
,,,734.800007194E-6,600.000023842E-3,
,,,735.200010240E-6,600.000023842E-3,
,,,735.600013286E-6,600.000023842E-3,
,,,736.000016332E-6,400.00000596E-3,
,,,736.400019377E-6,800.000011921E-3,
,,,736.800022423E-6,600.000023842E-3,
,,,737.200025469E-6,600.000023842E-3,
,,,737.600028515E-6,400.00000596E-3,
,,,738.000031561E-6,600.000023842E-3,
,,,738.399976399E-6,200.00000298E-3,
,,,738.799979445E-6,200.00000298E-3,
,,,739.199982490E-6,200.00000298E-3,
,,,739.599985536E-6,200.00000298E-3,
,,,739.999988582E-6,0.0,
,,,740.399991628E-6,0.0,
,,,740.799994674E-6,-400.00000596E-3,
,,,741.199997719E-6,-600.000023842E-3,
,,,741.600000765E-6,-800.000011921E-3,
,,,742.000003811E-6,-600.000023842E-3,
,,,742.400006857E-6,-1.000000,
,,,742.800009903E-6,-1.000000,
,,,743.200012948E-6,-1.000000,
,,,743.600015994E-6,-1.2000000,
,,,744.000019040E-6,-1.2000000,
,,,744.400022086E-6,-1.2000000,
,,,744.800025132E-6,-1.2000000,
,,,745.200028177E-6,-1.4000000,
,,,745.600031223E-6,-1.6000000,
,,,745.999976061E-6,-1.2000000,
,,,746.399979107E-6,-1.6000000,
,,,746.799982153E-6,-1.4000000,
,,,747.199985199E-6,-1.4000000,
,,,747.599988244E-6,-1.4000000,
,,,747.999991290E-6,-1.6000000,
,,,748.399994336E-6,-1.4000000,
,,,748.799997382E-6,-1.6000000,
,,,749.200000428E-6,-1.6000000,
,,,749.600003473E-6,-1.4000000,
,,,750.000006519E-6,-1.4000000,
,,,750.400009565E-6,-1.2000000,
,,,750.800012611E-6,-1.000000,
,,,751.200015657E-6,-1.000000,
,,,751.600018702E-6,-1.2000000,
,,,752.000021748E-6,-800.000011921E-3,
,,,752.400024794E-6,-800.000011921E-3,
,,,752.800027840E-6,-600.000023842E-3,
,,,753.200030886E-6,-400.00000596E-3,
,,,753.600033931E-6,-400.00000596E-3,
,,,753.999978770E-6,-400.00000596E-3,
,,,754.399981815E-6,0.0,
,,,754.799984861E-6,-200.00000298E-3,
,,,755.199987907E-6,200.00000298E-3,
,,,755.599990953E-6,200.00000298E-3,
,,,755.999993999E-6,200.00000298E-3,
,,,756.399997044E-6,200.00000298E-3,
,,,756.800000090E-6,200.00000298E-3,
,,,757.200003136E-6,400.00000596E-3,
,,,757.600006182E-6,600.000023842E-3,
,,,758.000009228E-6,800.000011921E-3,
,,,758.400012273E-6,600.000023842E-3,
,,,758.800015319E-6,600.000023842E-3,
,,,759.200018365E-6,800.000011921E-3,
,,,759.600021411E-6,800.000011921E-3,
,,,760.000024457E-6,800.000011921E-3,
,,,760.400027502E-6,600.000023842E-3,
,,,760.800030548E-6,800.000011921E-3,
,,,761.200033594E-6,600.000023842E-3,
,,,761.599978432E-6,800.000011921E-3,
,,,761.999981478E-6,800.000011921E-3,
,,,762.399984524E-6,400.00000596E-3,
,,,762.799987569E-6,600.000023842E-3,
,,,763.199990615E-6,200.00000298E-3,
,,,763.599993661E-6,400.00000596E-3,
,,,763.999996707E-6,400.00000596E-3,
,,,764.399999753E-6,0.0,
,,,764.800002798E-6,0.0,
,,,765.200005844E-6,-200.00000298E-3,
,,,765.600008890E-6,-200.00000298E-3,
,,,766.000011936E-6,-600.000023842E-3,
,,,766.400014982E-6,-400.00000596E-3,
,,,766.800018027E-6,-600.000023842E-3,
,,,767.200021073E-6,-800.000011921E-3,
,,,767.600024119E-6,-800.000011921E-3,
,,,768.000027165E-6,-800.000011921E-3,
,,,768.400030211E-6,-1.000000,
,,,768.800033256E-6,-1.2000000,
,,,769.199978095E-6,-1.2000000,
,,,769.599981140E-6,-1.000000,
,,,769.999984186E-6,-1.2000000,
,,,770.399987232E-6,-1.2000000,
,,,770.799990278E-6,-1.4000000,
,,,771.199993324E-6,-1.6000000,
,,,771.599996369E-6,-1.4000000,
,,,771.999999415E-6,-1.4000000,
,,,772.400002461E-6,-1.6000000,
,,,772.800005507E-6,-1.4000000,
,,,773.200008553E-6,-1.6000000,
,,,773.600011598E-6,-1.4000000,
,,,774.000014644E-6,-1.6000000,
,,,774.400017690E-6,-1.4000000,
,,,774.800020736E-6,-1.2000000,
,,,775.200023782E-6,-1.2000000,
,,,775.600026827E-6,-1.2000000,
,,,776.000029873E-6,-1.000000,
,,,776.400032919E-6,-1.000000,
,,,776.799977757E-6,-1.000000,
,,,777.199980803E-6,-1.000000,
,,,777.599983849E-6,-800.000011921E-3,
,,,777.999986894E-6,-800.000011921E-3,
,,,778.399989940E-6,-800.000011921E-3,
,,,778.799992986E-6,-600.000023842E-3,
,,,779.199996032E-6,0.0,
,,,779.599999078E-6,-200.00000298E-3,
,,,780.000002123E-6,0.0,
,,,780.400005169E-6,-400.00000596E-3,
,,,780.800008215E-6,0.0,
,,,781.200011261E-6,200.00000298E-3,
,,,781.600014307E-6,200.00000298E-3,
,,,782.000017352E-6,400.00000596E-3,
,,,782.400020398E-6,400.00000596E-3,
,,,782.800023444E-6,400.00000596E-3,
,,,783.200026490E-6,400.00000596E-3,
,,,783.600029536E-6,600.000023842E-3,
,,,784.000032581E-6,600.000023842E-3,
,,,784.399977420E-6,600.000023842E-3,
,,,784.799980465E-6,800.000011921E-3,
,,,785.199983511E-6,600.000023842E-3,
,,,785.599986557E-6,1.000000,
,,,785.999989603E-6,600.000023842E-3,
,,,786.399992649E-6,400.00000596E-3,
,,,786.799995694E-6,400.00000596E-3,
,,,787.199998740E-6,600.000023842E-3,
,,,787.600001786E-6,400.00000596E-3,
,,,788.000004832E-6,400.00000596E-3,
,,,788.400007877E-6,400.00000596E-3,
,,,788.800010923E-6,200.00000298E-3,
,,,789.200013969E-6,200.00000298E-3,
,,,789.600017015E-6,0.0,
,,,790.000020061E-6,0.0,
,,,790.400023106E-6,-200.00000298E-3,
,,,790.800026152E-6,-200.00000298E-3,
,,,791.200029198E-6,-600.000023842E-3,
,,,791.600032244E-6,-400.00000596E-3,
,,,791.999977082E-6,-800.000011921E-3,
,,,792.399980128E-6,-600.000023842E-3,
,,,792.799983174E-6,-800.000011921E-3,
,,,793.199986219E-6,-1.000000,
,,,793.599989265E-6,-1.000000,
,,,793.999992311E-6,-1.000000,
,,,794.399995357E-6,-800.000011921E-3,
,,,794.799998403E-6,-1.2000000,
,,,795.200001448E-6,-1.2000000,
,,,795.600004494E-6,-1.4000000,
,,,796.000007540E-6,-1.4000000,
,,,796.400010586E-6,-1.2000000,
,,,796.800013632E-6,-1.6000000,
,,,797.200016677E-6,-1.6000000,
,,,797.600019723E-6,-1.6000000,
,,,798.000022769E-6,-1.4000000,
,,,798.400025815E-6,-1.4000000,
,,,798.800028861E-6,-1.4000000,
,,,799.200031906E-6,-1.4000000,
,,,799.599976745E-6,-1.8000001,
,,,799.999979790E-6,-1.000000,
,,,800.399982836E-6,-1.2000000,
,,,800.799985882E-6,-1.000000,
,,,801.199988928E-6,-1.000000,
,,,801.599991973E-6,-800.000011921E-3,
,,,801.999995019E-6,-800.000011921E-3,
,,,802.399998065E-6,-400.00000596E-3,
,,,802.800001111E-6,-600.000023842E-3,
,,,803.200004157E-6,-400.00000596E-3,
,,,803.600007202E-6,-600.000023842E-3,
,,,804.000010248E-6,0.0,
,,,804.400013294E-6,-200.00000298E-3,
,,,804.800016340E-6,0.0,
,,,805.200019386E-6,-200.00000298E-3,
,,,805.600022431E-6,200.00000298E-3,
,,,806.000025477E-6,200.00000298E-3,
,,,806.400028523E-6,400.00000596E-3,
,,,806.800031569E-6,0.0,
,,,807.200034615E-6,400.00000596E-3,
,,,807.599979453E-6,400.00000596E-3,
,,,807.999982499E-6,200.00000298E-3,
,,,808.399985544E-6,400.00000596E-3,
,,,808.799988590E-6,400.00000596E-3,
,,,809.199991636E-6,600.000023842E-3,
,,,809.599994682E-6,600.000023842E-3,
,,,809.999997728E-6,600.000023842E-3,
,,,810.400000773E-6,600.000023842E-3,
,,,810.800003819E-6,400.00000596E-3,
,,,811.200006865E-6,400.00000596E-3,
,,,811.600009911E-6,600.000023842E-3,
,,,812.000012957E-6,600.000023842E-3,
,,,812.400016002E-6,600.000023842E-3,
,,,812.800019048E-6,200.00000298E-3,
,,,813.200022094E-6,200.00000298E-3,
,,,813.600025140E-6,0.0,
,,,814.000028186E-6,200.00000298E-3,
,,,814.400031231E-6,0.0,
,,,814.800034277E-6,0.0,
,,,815.199979115E-6,0.0,
,,,815.599982161E-6,-400.00000596E-3,
,,,815.999985207E-6,-200.00000298E-3,
,,,816.399988253E-6,-400.00000596E-3,
,,,816.799991298E-6,-600.000023842E-3,
,,,817.199994344E-6,-600.000023842E-3,
,,,817.599997390E-6,-800.000011921E-3,
,,,818.000000436E-6,-1.2000000,
,,,818.400003482E-6,-1.000000,
,,,818.800006527E-6,-1.000000,
,,,819.200009573E-6,-1.000000,
,,,819.600012619E-6,-1.000000,
,,,820.000015665E-6,-1.2000000,
,,,820.400018711E-6,-1.2000000,
,,,820.800021756E-6,-1.2000000,
,,,821.200024802E-6,-1.4000000,
,,,821.600027848E-6,-1.4000000,
,,,822.000030894E-6,-1.6000000,
,,,822.400033940E-6,-1.4000000,
,,,822.799978778E-6,-1.2000000,
,,,823.199981824E-6,-1.2000000,
,,,823.599984869E-6,-1.4000000,
,,,823.999987915E-6,-1.2000000,
,,,824.399990961E-6,-1.4000000,
,,,824.799994007E-6,-1.2000000,
,,,825.199997053E-6,-1.2000000,
,,,825.600000098E-6,-1.000000,
,,,826.000003144E-6,-1.000000,
,,,826.400006190E-6,-800.000011921E-3,
,,,826.800009236E-6,-1.2000000,
,,,827.200012282E-6,-400.00000596E-3,
,,,827.600015327E-6,-1.000000,
,,,828.000018373E-6,-400.00000596E-3,
,,,828.400021419E-6,-600.000023842E-3,
,,,828.800024465E-6,-400.00000596E-3,
,,,829.200027511E-6,-600.000023842E-3,
,,,829.600030556E-6,-200.00000298E-3,
,,,830.000033602E-6,0.0,
,,,830.399978440E-6,0.0,
,,,830.799981486E-6,0.0,
,,,831.199984532E-6,200.00000298E-3,
,,,831.599987578E-6,200.00000298E-3,
,,,831.999990623E-6,400.00000596E-3,
,,,832.399993669E-6,600.000023842E-3,
,,,832.799996715E-6,600.000023842E-3,
,,,833.199999761E-6,600.000023842E-3,
,,,833.600002807E-6,400.00000596E-3,
,,,834.000005852E-6,800.000011921E-3,
,,,834.400008898E-6,400.00000596E-3,
,,,834.800011944E-6,600.000023842E-3,
,,,835.200014990E-6,400.00000596E-3,
,,,835.600018036E-6,800.000011921E-3,
,,,836.000021081E-6,600.000023842E-3,
,,,836.400024127E-6,400.00000596E-3,
,,,836.800027173E-6,600.000023842E-3,
,,,837.200030219E-6,400.00000596E-3,
,,,837.600033265E-6,200.00000298E-3,
,,,837.999978103E-6,400.00000596E-3,
,,,838.399981149E-6,400.00000596E-3,
,,,838.799984194E-6,200.00000298E-3,
,,,839.199987240E-6,200.00000298E-3,
,,,839.599990286E-6,0.0,
,,,839.999993332E-6,0.0,
,,,840.399996378E-6,-200.00000298E-3,
,,,840.799999423E-6,-600.000023842E-3,
,,,841.200002469E-6,-200.00000298E-3,
,,,841.600005515E-6,-400.00000596E-3,
,,,842.000008561E-6,-600.000023842E-3,
,,,842.400011607E-6,-600.000023842E-3,
,,,842.800014652E-6,-600.000023842E-3,
,,,843.200017698E-6,-800.000011921E-3,
,,,843.600020744E-6,-1.000000,
,,,844.000023790E-6,-1.000000,
,,,844.400026836E-6,-1.2000000,
,,,844.800029881E-6,-1.4000000,
,,,845.200032927E-6,-1.000000,
,,,845.599977765E-6,-1.2000000,
,,,845.999980811E-6,-1.4000000,
,,,846.399983857E-6,-1.2000000,
,,,846.799986903E-6,-1.2000000,
,,,847.199989948E-6,-1.4000000,
,,,847.599992994E-6,-1.4000000,
,,,847.999996040E-6,-1.000000,
,,,848.399999086E-6,-1.4000000,
,,,848.800002132E-6,-1.2000000,
,,,849.200005177E-6,-1.2000000,
,,,849.600008223E-6,-1.000000,
,,,850.000011269E-6,-1.2000000,
,,,850.400014315E-6,-1.000000,
,,,850.800017361E-6,-1.000000,
,,,851.200020406E-6,-1.000000,
,,,851.600023452E-6,-1.000000,
,,,852.000026498E-6,-1.000000,
,,,852.400029544E-6,-600.000023842E-3,
,,,852.800032590E-6,-600.000023842E-3,
,,,853.199977428E-6,-600.000023842E-3,
,,,853.599980474E-6,-400.00000596E-3,
,,,853.999983519E-6,-400.00000596E-3,
,,,854.399986565E-6,0.0,
,,,854.799989611E-6,-400.00000596E-3,
,,,855.199992657E-6,0.0,
,,,855.599995703E-6,0.0,
,,,855.999998748E-6,0.0,
,,,856.400001794E-6,200.00000298E-3,
,,,856.800004840E-6,200.00000298E-3,
,,,857.200007886E-6,400.00000596E-3,
,,,857.600010931E-6,200.00000298E-3,
,,,858.000013977E-6,400.00000596E-3,
,,,858.400017023E-6,800.000011921E-3,
,,,858.800020069E-6,600.000023842E-3,
,,,859.200023115E-6,600.000023842E-3,
,,,859.600026160E-6,200.00000298E-3,
,,,860.000029206E-6,600.000023842E-3,
,,,860.400032252E-6,800.000011921E-3,
,,,860.800035298E-6,400.00000596E-3,
,,,861.199980136E-6,600.000023842E-3,
,,,861.599983182E-6,400.00000596E-3,
,,,861.999986228E-6,400.00000596E-3,
,,,862.399989273E-6,200.00000298E-3,
,,,862.799992319E-6,400.00000596E-3,
,,,863.199995365E-6,200.00000298E-3,
,,,863.599998411E-6,0.0,
,,,864.000001457E-6,0.0,
,,,864.400004502E-6,-200.00000298E-3,
,,,864.800007548E-6,200.00000298E-3,
,,,865.200010594E-6,-400.00000596E-3,
,,,865.600013640E-6,-200.00000298E-3,
,,,866.000016686E-6,-400.00000596E-3,
,,,866.400019731E-6,-400.00000596E-3,
,,,866.800022777E-6,-400.00000596E-3,
,,,867.200025823E-6,-600.000023842E-3,
,,,867.600028869E-6,-600.000023842E-3,
,,,868.000031915E-6,-800.000011921E-3,
,,,868.400034960E-6,-1.000000,
,,,868.799979798E-6,-800.000011921E-3,
,,,869.199982844E-6,-800.000011921E-3,
,,,869.599985890E-6,-1.000000,
,,,869.999988936E-6,-1.2000000,
,,,870.399991982E-6,-1.2000000,
,,,870.799995027E-6,-1.000000,
,,,871.199998073E-6,-1.000000,
,,,871.600001119E-6,-1.2000000,
,,,872.000004165E-6,-1.2000000,
,,,872.400007211E-6,-1.4000000,
,,,872.800010256E-6,-1.4000000,
,,,873.200013302E-6,-1.2000000,
,,,873.600016348E-6,-1.2000000,
,,,874.000019394E-6,-1.2000000,
,,,874.400022440E-6,-1.000000,
,,,874.800025485E-6,-1.4000000,
,,,875.200028531E-6,-1.000000,
,,,875.600031577E-6,-1.2000000,
,,,876.000034623E-6,-1.2000000,
,,,876.399979461E-6,-1.000000,
,,,876.799982507E-6,-600.000023842E-3,
,,,877.199985553E-6,-600.000023842E-3,
,,,877.599988598E-6,-400.00000596E-3,
,,,877.999991644E-6,-800.000011921E-3,
,,,878.399994690E-6,-400.00000596E-3,
,,,878.799997736E-6,-400.00000596E-3,
,,,879.200000782E-6,-200.00000298E-3,
,,,879.600003827E-6,-200.00000298E-3,
,,,880.000006873E-6,200.00000298E-3,
,,,880.400009919E-6,0.0,
,,,880.800012965E-6,-200.00000298E-3,
,,,881.200016011E-6,200.00000298E-3,
,,,881.600019056E-6,400.00000596E-3,
,,,882.000022102E-6,200.00000298E-3,
,,,882.400025148E-6,200.00000298E-3,
,,,882.800028194E-6,200.00000298E-3,
,,,883.200031240E-6,200.00000298E-3,
,,,883.600034285E-6,400.00000596E-3,
,,,883.999979123E-6,400.00000596E-3,
,,,884.399982169E-6,400.00000596E-3,
,,,884.799985215E-6,400.00000596E-3,
,,,885.199988261E-6,400.00000596E-3,
,,,885.599991307E-6,400.00000596E-3,
,,,885.999994352E-6,400.00000596E-3,
,,,886.399997398E-6,600.000023842E-3,
,,,886.800000444E-6,400.00000596E-3,
,,,887.200003490E-6,200.00000298E-3,
,,,887.600006536E-6,800.000011921E-3,
,,,888.000009581E-6,200.00000298E-3,
,,,888.400012627E-6,200.00000298E-3,
,,,888.800015673E-6,0.0,
,,,889.200018719E-6,200.00000298E-3,
,,,889.600021765E-6,0.0,
,,,890.000024810E-6,0.0,
,,,890.400027856E-6,0.0,
,,,890.800030902E-6,-200.00000298E-3,
,,,891.200033948E-6,-200.00000298E-3,
,,,891.599978786E-6,-400.00000596E-3,
,,,891.999981832E-6,-400.00000596E-3,
,,,892.399984878E-6,-600.000023842E-3,
,,,892.799987923E-6,-600.000023842E-3,
,,,893.199990969E-6,-800.000011921E-3,
,,,893.599994015E-6,-1.000000,
,,,893.999997061E-6,-1.000000,
,,,894.400000107E-6,-1.000000,
,,,894.800003152E-6,-1.000000,
,,,895.200006198E-6,-1.000000,
,,,895.600009244E-6,-1.2000000,
,,,896.000012290E-6,-1.2000000,
,,,896.400015336E-6,-1.6000000,
,,,896.800018381E-6,-1.000000,
,,,897.200021427E-6,-1.2000000,
,,,897.600024473E-6,-1.000000,
,,,898.000027519E-6,-1.4000000,
,,,898.400030565E-6,-1.4000000,
,,,898.800033610E-6,-1.2000000,
,,,899.199978448E-6,-1.000000,
,,,899.599981494E-6,-1.2000000,
,,,899.999984540E-6,-1.000000,
,,,900.399987586E-6,-1.2000000,
,,,900.799990632E-6,-1.000000,
,,,901.199993677E-6,-1.000000,
,,,901.599996723E-6,-800.000011921E-3,
,,,901.999999769E-6,-1.2000000,
,,,902.400002815E-6,-800.000011921E-3,
,,,902.800005861E-6,-600.000023842E-3,
,,,903.200008906E-6,-400.00000596E-3,
,,,903.600011952E-6,-600.000023842E-3,
,,,904.000014998E-6,-200.00000298E-3,
,,,904.400018044E-6,-200.00000298E-3,
,,,904.800021090E-6,0.0,
,,,905.200024135E-6,-200.00000298E-3,
,,,905.600027181E-6,0.0,
,,,906.000030227E-6,-200.00000298E-3,
,,,906.400033273E-6,200.00000298E-3,
,,,906.799978111E-6,200.00000298E-3,
,,,907.199981157E-6,400.00000596E-3,
,,,907.599984203E-6,400.00000596E-3,
,,,907.999987248E-6,600.000023842E-3,
,,,908.399990294E-6,600.000023842E-3,
,,,908.799993340E-6,400.00000596E-3,
,,,909.199996386E-6,400.00000596E-3,
,,,909.599999432E-6,400.00000596E-3,
,,,910.000002477E-6,200.00000298E-3,
,,,910.400005523E-6,400.00000596E-3,
,,,910.800008569E-6,200.00000298E-3,
,,,911.200011615E-6,400.00000596E-3,
,,,911.600014661E-6,600.000023842E-3,
,,,912.000017706E-6,400.00000596E-3,
,,,912.400020752E-6,400.00000596E-3,
,,,912.800023798E-6,200.00000298E-3,
,,,913.200026844E-6,200.00000298E-3,
,,,913.600029889E-6,200.00000298E-3,
,,,914.000032935E-6,200.00000298E-3,
,,,914.400035981E-6,0.0,
,,,914.799980819E-6,-400.00000596E-3,
,,,915.199983865E-6,-200.00000298E-3,
,,,915.599986911E-6,-400.00000596E-3,
,,,915.999989957E-6,-400.00000596E-3,
,,,916.399993002E-6,-800.000011921E-3,
,,,916.799996048E-6,-600.000023842E-3,
,,,917.199999094E-6,-400.00000596E-3,
,,,917.600002140E-6,-600.000023842E-3,
,,,918.000005186E-6,-600.000023842E-3,
,,,918.400008231E-6,-800.000011921E-3,
,,,918.800011277E-6,-800.000011921E-3,
,,,919.200014323E-6,-800.000011921E-3,
,,,919.600017369E-6,-1.000000,
,,,920.000020415E-6,-1.000000,
,,,920.400023460E-6,-1.2000000,
,,,920.800026506E-6,-800.000011921E-3,
,,,921.200029552E-6,-1.2000000,
,,,921.600032598E-6,-1.2000000,
,,,922.000035644E-6,-1.000000,
,,,922.399980482E-6,-1.2000000,
,,,922.799983528E-6,-1.2000000,
,,,923.199986573E-6,-1.2000000,
,,,923.599989619E-6,-1.2000000,
,,,923.999992665E-6,-1.000000,
,,,924.399995711E-6,-1.000000,
,,,924.799998756E-6,-1.2000000,
,,,925.200001802E-6,-1.2000000,
,,,925.600004848E-6,-800.000011921E-3,
,,,926.000007894E-6,-1.000000,
,,,926.400010940E-6,-600.000023842E-3,
,,,926.800013985E-6,-800.000011921E-3,
,,,927.200017031E-6,-800.000011921E-3,
,,,927.600020077E-6,-400.00000596E-3,
,,,928.000023123E-6,-400.00000596E-3,
,,,928.400026169E-6,-600.000023842E-3,
,,,928.800029214E-6,-200.00000298E-3,
,,,929.200032260E-6,-400.00000596E-3,
,,,929.600035306E-6,-200.00000298E-3,
,,,929.999980144E-6,-200.00000298E-3,
,,,930.399983190E-6,0.0,
,,,930.799986236E-6,200.00000298E-3,
,,,931.199989282E-6,200.00000298E-3,
,,,931.599992327E-6,200.00000298E-3,
,,,931.999995373E-6,200.00000298E-3,
,,,932.399998419E-6,200.00000298E-3,
,,,932.800001465E-6,200.00000298E-3,
,,,933.200004511E-6,200.00000298E-3,
,,,933.600007556E-6,400.00000596E-3,
,,,934.000010602E-6,400.00000596E-3,
,,,934.400013648E-6,400.00000596E-3,
,,,934.800016694E-6,600.000023842E-3,
,,,935.200019740E-6,200.00000298E-3,
,,,935.600022785E-6,200.00000298E-3,
,,,936.000025831E-6,600.000023842E-3,
,,,936.400028877E-6,400.00000596E-3,
,,,936.800031923E-6,400.00000596E-3,
,,,937.200034969E-6,0.0,
,,,937.599979807E-6,200.00000298E-3,
,,,937.999982852E-6,200.00000298E-3,
,,,938.399985898E-6,0.0,
,,,938.799988944E-6,-200.00000298E-3,
,,,939.199991990E-6,0.0,
,,,939.599995036E-6,200.00000298E-3,
,,,939.999998081E-6,-200.00000298E-3,
,,,940.400001127E-6,-200.00000298E-3,
,,,940.800004173E-6,-400.00000596E-3,
,,,941.200007219E-6,-400.00000596E-3,
,,,941.600010265E-6,-600.000023842E-3,
,,,942.000013310E-6,-400.00000596E-3,
,,,942.400016356E-6,-600.000023842E-3,
,,,942.800019402E-6,-600.000023842E-3,
,,,943.200022448E-6,-800.000011921E-3,
,,,943.600025494E-6,-800.000011921E-3,
,,,944.000028539E-6,-600.000023842E-3,
,,,944.400031585E-6,-600.000023842E-3,
,,,944.800034631E-6,-1.000000,
,,,945.199979469E-6,-800.000011921E-3,
,,,945.599982515E-6,-1.000000,
,,,945.999985561E-6,-1.2000000,
,,,946.399988607E-6,-1.2000000,
,,,946.799991652E-6,-1.000000,
,,,947.199994698E-6,-1.2000000,
,,,947.599997744E-6,-1.000000,
,,,948.000000790E-6,-1.000000,
,,,948.400003836E-6,-1.000000,
,,,948.800006881E-6,-1.000000,
,,,949.200009927E-6,-1.000000,
,,,949.600012973E-6,-800.000011921E-3,
,,,950.000016019E-6,-1.000000,
,,,950.400019065E-6,-800.000011921E-3,
,,,950.800022110E-6,-800.000011921E-3,
,,,951.200025156E-6,-800.000011921E-3,
,,,951.600028202E-6,-600.000023842E-3,
,,,952.000031248E-6,-800.000011921E-3,
,,,952.400034294E-6,-600.000023842E-3,
,,,952.799979132E-6,-600.000023842E-3,
,,,953.199982177E-6,-600.000023842E-3,
,,,953.599985223E-6,-200.00000298E-3,
,,,953.999988269E-6,-400.00000596E-3,
,,,954.399991315E-6,0.0,
,,,954.799994361E-6,-200.00000298E-3,
,,,955.199997406E-6,-200.00000298E-3,
,,,955.600000452E-6,0.0,
,,,956.000003498E-6,-200.00000298E-3,
,,,956.400006544E-6,0.0,
,,,956.800009590E-6,200.00000298E-3,
,,,957.200012635E-6,0.0,
,,,957.600015681E-6,200.00000298E-3,
,,,958.000018727E-6,0.0,
,,,958.400021773E-6,400.00000596E-3,
,,,958.800024819E-6,200.00000298E-3,
,,,959.200027864E-6,200.00000298E-3,
,,,959.600030910E-6,400.00000596E-3,
,,,960.000033956E-6,0.0,
,,,960.399978794E-6,200.00000298E-3,
,,,960.799981840E-6,400.00000596E-3,
,,,961.199984886E-6,400.00000596E-3,
,,,961.599987932E-6,200.00000298E-3,
,,,961.999990977E-6,200.00000298E-3,
,,,962.399994023E-6,200.00000298E-3,
,,,962.799997069E-6,200.00000298E-3,
,,,963.200000115E-6,0.0,
,,,963.600003161E-6,0.0,
,,,964.000006206E-6,200.00000298E-3,
,,,964.400009252E-6,200.00000298E-3,
,,,964.800012298E-6,-200.00000298E-3,
,,,965.200015344E-6,-400.00000596E-3,
,,,965.600018390E-6,-400.00000596E-3,
,,,966.000021435E-6,-200.00000298E-3,
,,,966.400024481E-6,-400.00000596E-3,
,,,966.800027527E-6,-200.00000298E-3,
,,,967.200030573E-6,-600.000023842E-3,
,,,967.600033619E-6,-400.00000596E-3,
,,,968.000036664E-6,-600.000023842E-3,
,,,968.399981502E-6,-600.000023842E-3,
,,,968.799984548E-6,-600.000023842E-3,
,,,969.199987594E-6,-1.000000,
,,,969.599990640E-6,-1.000000,
,,,969.999993686E-6,-600.000023842E-3,
,,,970.399996731E-6,-800.000011921E-3,
,,,970.799999777E-6,-1.000000,
,,,971.200002823E-6,-1.000000,
,,,971.600005869E-6,-1.000000,
,,,972.000008915E-6,-1.2000000,
,,,972.400011960E-6,-1.000000,
,,,972.800015006E-6,-1.2000000,
,,,973.200018052E-6,-1.000000,
,,,973.600021098E-6,-1.2000000,
,,,974.000024144E-6,-1.000000,
,,,974.400027189E-6,-800.000011921E-3,
,,,974.800030235E-6,-1.000000,
,,,975.200033281E-6,-600.000023842E-3,
,,,975.600036327E-6,-1.2000000,
,,,975.999981165E-6,-800.000011921E-3,
,,,976.399984211E-6,-800.000011921E-3,
,,,976.799987257E-6,-600.000023842E-3,
,,,977.199990302E-6,-800.000011921E-3,
,,,977.599993348E-6,-400.00000596E-3,
,,,977.999996394E-6,-600.000023842E-3,
,,,978.399999440E-6,-400.00000596E-3,
,,,978.800002486E-6,-800.000011921E-3,
,,,979.200005531E-6,-200.00000298E-3,
,,,979.600008577E-6,-400.00000596E-3,
,,,980.000011623E-6,-200.00000298E-3,
,,,980.400014669E-6,-200.00000298E-3,
,,,980.800017715E-6,200.00000298E-3,
,,,981.200020760E-6,-200.00000298E-3,
,,,981.600023806E-6,0.0,
,,,982.000026852E-6,-200.00000298E-3,
,,,982.400029898E-6,200.00000298E-3,
,,,982.800032943E-6,200.00000298E-3,
,,,983.200035989E-6,200.00000298E-3,
,,,983.600039035E-6,0.0,
,,,984.000042081E-6,0.0,
,,,984.400045127E-6,200.00000298E-3,
,,,984.800048172E-6,200.00000298E-3,
,,,985.200051218E-6,200.00000298E-3,
,,,985.600054264E-6,200.00000298E-3,
,,,986.000057310E-6,200.00000298E-3,
,,,986.400060356E-6,200.00000298E-3,
,,,986.800063401E-6,0.0,
,,,987.199950032E-6,200.00000298E-3,
,,,987.599953078E-6,400.00000596E-3,
,,,987.999956124E-6,0.0,
,,,988.399959169E-6,200.00000298E-3,
,,,988.799962215E-6,0.0,
,,,989.199965261E-6,-200.00000298E-3,
,,,989.599968307E-6,-200.00000298E-3,
,,,989.999971353E-6,-200.00000298E-3,
,,,990.399974398E-6,0.0,
,,,990.799977444E-6,0.0,
,,,991.199980490E-6,-400.00000596E-3,
,,,991.599983536E-6,-400.00000596E-3,
,,,991.999986582E-6,-200.00000298E-3,
,,,992.399989627E-6,-600.000023842E-3,
,,,992.799992673E-6,-400.00000596E-3,
,,,993.199995719E-6,-600.000023842E-3,
,,,993.599998765E-6,-600.000023842E-3,
,,,994.000001810E-6,-800.000011921E-3,
,,,994.400004856E-6,-600.000023842E-3,
,,,994.800007902E-6,-800.000011921E-3,
,,,995.200010948E-6,-800.000011921E-3,
,,,995.600013994E-6,-800.000011921E-3,
,,,996.000017039E-6,-1.000000,
,,,996.400020085E-6,-800.000011921E-3,
,,,996.800023131E-6,-800.000011921E-3,
,,,997.200026177E-6,-1.000000,
,,,997.600029223E-6,-800.000011921E-3,
,,,998.000032268E-6,-1.000000,
,,,998.400035314E-6,-800.000011921E-3,
,,,998.800038360E-6,-1.000000,
,,,999.200041406E-6,-800.000011921E-3,
,,,999.600044452E-6,-1.2000000,
,,,1.0000000E-3,-600.000023842E-3,
,,,1.0004001E-3,-1.000000,
,,,1.0008001E-3,-800.000011921E-3,
,,,1.0012001E-3,-800.000011921E-3,
,,,1.0016001E-3,-600.000023842E-3,
,,,1.0020001E-3,-800.000011921E-3,
,,,1.0024001E-3,-400.00000596E-3,
,,,1.0028000E-3,-800.000011921E-3,
,,,1.0032000E-3,-400.00000596E-3,
,,,1.0036000E-3,-200.00000298E-3,
,,,1.0040000E-3,-400.00000596E-3,
,,,1.0044000E-3,-400.00000596E-3,
,,,1.0048000E-3,-400.00000596E-3,
,,,1.0052000E-3,-200.00000298E-3,
,,,1.0056000E-3,0.0,
,,,1.0060000E-3,-400.00000596E-3,
,,,1.0064000E-3,0.0,
,,,1.0068000E-3,0.0,
,,,1.0072000E-3,-200.00000298E-3,
,,,1.0076000E-3,0.0,
,,,1.0080000E-3,200.00000298E-3,
,,,1.0084000E-3,0.0,
,,,1.0088000E-3,200.00000298E-3,
,,,1.0092000E-3,200.00000298E-3,
,,,1.0096000E-3,200.00000298E-3,
,,,1.0100000E-3,0.0,
,,,1.0104000E-3,200.00000298E-3,
,,,1.0108000E-3,200.00000298E-3,
,,,1.0112000E-3,400.00000596E-3,
,,,1.0116000E-3,0.0,
,,,1.0120000E-3,200.00000298E-3,
,,,1.0124000E-3,0.0,
,,,1.0128000E-3,0.0,
,,,1.0132000E-3,0.0,
,,,1.0136000E-3,0.0,
,,,1.0140000E-3,200.00000298E-3,
,,,1.0144000E-3,0.0,
,,,1.0148000E-3,-200.00000298E-3,
,,,1.0152000E-3,-200.00000298E-3,
,,,1.0156000E-3,-200.00000298E-3,
,,,1.0160001E-3,-400.00000596E-3,
,,,1.0164001E-3,-400.00000596E-3,
,,,1.0168001E-3,-400.00000596E-3,
,,,1.0172001E-3,-400.00000596E-3,
,,,1.0176001E-3,-800.000011921E-3,
,,,1.0180000E-3,-600.000023842E-3,
,,,1.0184000E-3,-400.00000596E-3,
,,,1.0188000E-3,-600.000023842E-3,
,,,1.0192000E-3,-800.000011921E-3,
,,,1.0196000E-3,-800.000011921E-3,
,,,1.0200000E-3,-800.000011921E-3,
,,,1.0204000E-3,-1.000000,
,,,1.0208000E-3,-800.000011921E-3,
,,,1.0212000E-3,-800.000011921E-3,
,,,1.0216000E-3,-1.000000,
,,,1.0220000E-3,-800.000011921E-3,
,,,1.0224000E-3,-1.000000,
,,,1.0228000E-3,-1.000000,
,,,1.0232000E-3,-800.000011921E-3,
,,,1.0236000E-3,-1.000000,
,,,1.0240000E-3,-600.000023842E-3,
,,,1.0244000E-3,-1.000000,
,,,1.0248000E-3,-400.00000596E-3,
,,,1.0252000E-3,-600.000023842E-3,
,,,1.0256000E-3,-800.000011921E-3,
,,,1.0260000E-3,-600.000023842E-3,
,,,1.0264000E-3,-600.000023842E-3,
,,,1.0268000E-3,-600.000023842E-3,
,,,1.0272000E-3,-600.000023842E-3,
,,,1.0276000E-3,-600.000023842E-3,
,,,1.0280000E-3,-400.00000596E-3,
,,,1.0284000E-3,-600.000023842E-3,
,,,1.0288000E-3,-600.000023842E-3,
,,,1.0292000E-3,-600.000023842E-3,
,,,1.0296000E-3,-400.00000596E-3,
,,,1.0300000E-3,-400.00000596E-3,
,,,1.0304000E-3,0.0,
,,,1.0308000E-3,-200.00000298E-3,
,,,1.0312001E-3,0.0,
,,,1.0316001E-3,-200.00000298E-3,
,,,1.0320001E-3,0.0,
,,,1.0324001E-3,0.0,
,,,1.0328001E-3,-200.00000298E-3,
,,,1.0332000E-3,0.0,
,,,1.0336000E-3,200.00000298E-3,
,,,1.0340000E-3,0.0,
,,,1.0344000E-3,-200.00000298E-3,
,,,1.0348000E-3,0.0,
,,,1.0352000E-3,-200.00000298E-3,
,,,1.0356000E-3,200.00000298E-3,
,,,1.0360000E-3,200.00000298E-3,
,,,1.0364000E-3,200.00000298E-3,
,,,1.0368000E-3,0.0,
,,,1.0372000E-3,0.0,
,,,1.0376000E-3,0.0,
,,,1.0380000E-3,0.0,
,,,1.0384000E-3,0.0,
,,,1.0388000E-3,0.0,
,,,1.0392000E-3,-200.00000298E-3,
,,,1.0396000E-3,0.0,
,,,1.0400000E-3,-200.00000298E-3,
,,,1.0404000E-3,-400.00000596E-3,
,,,1.0408000E-3,-200.00000298E-3,
,,,1.0412000E-3,-200.00000298E-3,
,,,1.0416000E-3,-600.000023842E-3,
,,,1.0420000E-3,-600.000023842E-3,
,,,1.0424000E-3,-400.00000596E-3,
,,,1.0428000E-3,-400.00000596E-3,
,,,1.0432000E-3,-600.000023842E-3,
,,,1.0436000E-3,-600.000023842E-3,
,,,1.0440000E-3,-600.000023842E-3,
,,,1.0444000E-3,-800.000011921E-3,
,,,1.0448000E-3,-400.00000596E-3,
,,,1.0452000E-3,-800.000011921E-3,
,,,1.0456000E-3,-800.000011921E-3,
,,,1.0460000E-3,-1.000000,
,,,1.0464001E-3,-1.000000,
,,,1.0468001E-3,-1.000000,
,,,1.0472001E-3,-800.000011921E-3,
,,,1.0476001E-3,-1.000000,
,,,1.0480001E-3,-800.000011921E-3,
,,,1.0484000E-3,-1.000000,
,,,1.0488000E-3,-1.2000000,
,,,1.0492000E-3,-1.2000000,
,,,1.0496000E-3,-800.000011921E-3,
,,,1.0500000E-3,-1.000000,
,,,1.0504000E-3,-600.000023842E-3,
,,,1.0508000E-3,-800.000011921E-3,
,,,1.0512000E-3,-800.000011921E-3,
,,,1.0516000E-3,-800.000011921E-3,
,,,1.0520000E-3,-400.00000596E-3,
,,,1.0524000E-3,-1.000000,
,,,1.0528000E-3,-400.00000596E-3,
,,,1.0532000E-3,-600.000023842E-3,
,,,1.0536000E-3,-400.00000596E-3,
,,,1.0540000E-3,-400.00000596E-3,
,,,1.0544000E-3,-400.00000596E-3,
,,,1.0548000E-3,-200.00000298E-3,
,,,1.0552000E-3,-200.00000298E-3,
,,,1.0556000E-3,-200.00000298E-3,
,,,1.0560000E-3,-200.00000298E-3,
,,,1.0564000E-3,-200.00000298E-3,
,,,1.0568000E-3,-200.00000298E-3,
,,,1.0572000E-3,0.0,
,,,1.0576000E-3,0.0,
,,,1.0580000E-3,0.0,
,,,1.0584000E-3,200.00000298E-3,
,,,1.0588000E-3,200.00000298E-3,
,,,1.0592000E-3,400.00000596E-3,
,,,1.0596000E-3,200.00000298E-3,
,,,1.0600000E-3,200.00000298E-3,
,,,1.0604000E-3,200.00000298E-3,
,,,1.0608000E-3,0.0,
,,,1.0612000E-3,200.00000298E-3,
,,,1.0616001E-3,0.0,
,,,1.0620001E-3,0.0,
,,,1.0624001E-3,0.0,
,,,1.0628001E-3,200.00000298E-3,
,,,1.0632001E-3,200.00000298E-3,
,,,1.0636001E-3,200.00000298E-3,
,,,1.0640000E-3,0.0,
,,,1.0644000E-3,0.0,
,,,1.0648000E-3,200.00000298E-3,
,,,1.0652000E-3,-200.00000298E-3,
,,,1.0656000E-3,-200.00000298E-3,
,,,1.0660000E-3,-200.00000298E-3,
,,,1.0664000E-3,-200.00000298E-3,
,,,1.0668000E-3,-200.00000298E-3,
,,,1.0672000E-3,-400.00000596E-3,
,,,1.0676000E-3,0.0,
,,,1.0680000E-3,-600.000023842E-3,
,,,1.0684000E-3,-800.000011921E-3,
,,,1.0688000E-3,-600.000023842E-3,
,,,1.0692000E-3,-600.000023842E-3,
,,,1.0696000E-3,-600.000023842E-3,
,,,1.0700000E-3,-600.000023842E-3,
,,,1.0704000E-3,-600.000023842E-3,
,,,1.0708000E-3,-800.000011921E-3,
,,,1.0712000E-3,-400.00000596E-3,
,,,1.0716000E-3,-800.000011921E-3,
,,,1.0720000E-3,-600.000023842E-3,
,,,1.0724000E-3,-800.000011921E-3,
,,,1.0728000E-3,-800.000011921E-3,
,,,1.0732000E-3,-800.000011921E-3,
,,,1.0736000E-3,-800.000011921E-3,
,,,1.0740000E-3,-800.000011921E-3,
,,,1.0744000E-3,-800.000011921E-3,
,,,1.0748000E-3,-1.000000,
,,,1.0752000E-3,-600.000023842E-3,
,,,1.0756000E-3,-800.000011921E-3,
,,,1.0760000E-3,-1.000000,
,,,1.0764000E-3,-1.000000,
,,,1.0768001E-3,-600.000023842E-3,
,,,1.0772001E-3,-600.000023842E-3,
,,,1.0776001E-3,-800.000011921E-3,
,,,1.0780001E-3,-600.000023842E-3,
,,,1.0784001E-3,-600.000023842E-3,
,,,1.0788001E-3,-600.000023842E-3,
,,,1.0792000E-3,-200.00000298E-3,
,,,1.0796000E-3,-600.000023842E-3,
,,,1.0800000E-3,-200.00000298E-3,
,,,1.0804000E-3,-400.00000596E-3,
,,,1.0808000E-3,-200.00000298E-3,
,,,1.0812000E-3,-400.00000596E-3,
,,,1.0816000E-3,-200.00000298E-3,
,,,1.0820000E-3,-200.00000298E-3,
,,,1.0824000E-3,-200.00000298E-3,
,,,1.0828000E-3,0.0,
,,,1.0832000E-3,0.0,
,,,1.0836000E-3,-200.00000298E-3,
,,,1.0840000E-3,200.00000298E-3,
,,,1.0844000E-3,0.0,
,,,1.0848000E-3,200.00000298E-3,
,,,1.0852000E-3,0.0,
,,,1.0856000E-3,0.0,
,,,1.0860000E-3,0.0,
,,,1.0864000E-3,200.00000298E-3,
,,,1.0868000E-3,200.00000298E-3,
,,,1.0872000E-3,0.0,
,,,1.0876000E-3,0.0,
,,,1.0880000E-3,-200.00000298E-3,
,,,1.0884000E-3,0.0,
,,,1.0888000E-3,-200.00000298E-3,
,,,1.0892000E-3,200.00000298E-3,
,,,1.0896000E-3,-200.00000298E-3,
,,,1.0900000E-3,0.0,
,,,1.0904000E-3,-400.00000596E-3,
,,,1.0908000E-3,-200.00000298E-3,
,,,1.0912000E-3,-400.00000596E-3,
,,,1.0916000E-3,-200.00000298E-3,
,,,1.0920000E-3,-400.00000596E-3,
,,,1.0924001E-3,-400.00000596E-3,
,,,1.0928001E-3,-600.000023842E-3,
,,,1.0932001E-3,-600.000023842E-3,
,,,1.0936001E-3,-400.00000596E-3,
,,,1.0940001E-3,-600.000023842E-3,
,,,1.0944000E-3,-600.000023842E-3,
,,,1.0948000E-3,-400.00000596E-3,
,,,1.0952000E-3,-800.000011921E-3,
,,,1.0956000E-3,-600.000023842E-3,
,,,1.0960000E-3,-600.000023842E-3,
,,,1.0964000E-3,-800.000011921E-3,
,,,1.0968000E-3,-600.000023842E-3,
,,,1.0972000E-3,-600.000023842E-3,
,,,1.0976000E-3,-800.000011921E-3,
,,,1.0980000E-3,-600.000023842E-3,
,,,1.0984000E-3,-400.00000596E-3,
,,,1.0988000E-3,-600.000023842E-3,
,,,1.0992000E-3,-800.000011921E-3,
,,,1.0996000E-3,-800.000011921E-3,
